Workbook

Sheet Organized Input Output
A1: RWH Input-Output Data | C1: RED IS INPUT ONLY, TYPE NEW VALUES INTO RED | P1: Variable Efficiency | Q1: ='Flow Rate'!$AE$31 -> 0.30149324
A2: Team J-9 | Z2: Dysinfection System Settings | AA2: UV System | AC2: Chemical System
AA3: System | AC3: Chlorine | AD3: n
B4: Input Data | F4: Cf_exp | G4: 13743 | H4: total maintenance days | I4: =Maintainance!M7+'Ozone-Energy'!Z5+ IF('Organized Input Output'!AA9> 0, 4, 0)+'Ozone-Energy'!U4 -> 18 | K4: Total Cost | L4: =Costs!B64 -> 54218.769 | M4: Overall Satifaction | N4: ='Stakeholder Satisfaction'!K15 -> 0.94014126 | P4: On-Demand Flow Rate | Q4: ='Flow Rate'!L31 -> 41.469023 | AA4: 36W | AB4: n
P5: Filter Settings | Q5: Filter size | R5: Present? | S5: Cf Pa/(m/s) | T5: Actual filter life (L) | U5: Filter Life Data (L) | X5: Filter location (B or A) | AA5: 40W | AB5: n | AC5: Ozone | AD5: y
A6: Parameters | B6: Gravity acceleration | C6: g | D6: 9.81 | E6: m/s^2 | G6: Catchment Settings | H6: Roof catchment area (m^2) - (50, 100) | I6: additional catchment area (m^2) | J6: Total catchment area (m^2) | K6: Catchment tank (L) - (400 or 1,500 or 2500 or 5,000 or 10,000) | L6: Catchment Tank initial Volume (L) | U6: No pre filter | V6: 5 um pre | W6: 200 um pre | AA6: 50W | AB6: y
B7: Pipe diameter | C7: D | D7: 0.02 | E7: m | H7: 100 | I7: 1000 | J7: =H7+I7 -> 1100 | K7: 2500 | L7: 0 | Q7: 1 um filter | R7: y | S7: =0.167*$G$4 -> 2295.081 | T7: =IF($R$8 = "y", $V$7, IF($R$9 = "y", $W$7, $U$7)) -> 20000 | U7: 5000 | V7: 20000 | W7: 15000 | Z7: Power System Settings | AA7: Solar Energy | AE7: Diesel
B8: Pipe area | C8: A | D8: =($D$7/2)^2*PI() -> 0.00031415927 | E8: m^2 | G8: Storag Tank Settings | H8: Storage Tank Volume (m3) | I8: storage tank location x (m) | J8: storage tank location y (m) | K8: Distance to storage tank (m) | L8: Storage tank height (m) | M8: Storage tank tower height (m) | N8: Storage tank total height (m) | Q8: 5 um filter | R8: y | S8: =IF( R8 = "y", 0.0833*$G$4, 0) -> 1144.7919 | T8: =IF($R$8 = "n", "", IF($R$9 = "y", $W$8, $U$8)) -> 20000 | U8: 10000 | W8: 20000 | AA8: Model (260, 80, 306) | AB8: Efficency | AC8: Quantities | AD8: Total Area(m^2) | AE8: Model | AF8: Present?
B9: Density of water | C9: ρ | D9: 1000 | E9: [kg/m3] | H9: 20 | I9: 40 | J9: -10 | K9: =SQRT(I9^2 +J9^2 +L9^2) -> 41.533119 | L9: 5 | M9: 21 | N9: =$L$9+$M$9 -> 26 | Q9: 200 um filter | R9: y | S9: =IF( R9= "y", 0.00417*$G$4, 0) -> 57.30831 | T9: =IF($R$9 = "n", "", $U$9) -> 20000 | U9: 20000 | AA9: 80 | AB9: =IF($AA$9=260,0.17,IF($AA$9=80,0.15,IF($AA$9=306,0.16,0))) -> 0.15 | AC9: 5 | AD9: =$AC$9*1.6 -> 8 | AE9: 4000W 2 cyl. | AF9: n
B10: Pipe friction factor | C10: f | D10: 0.05 | G10: Pump Settings | H10: Which pump? (A=1, B=2, C=3) | I10: a | J10: b | K10: c | L10: A | M10: B | N10: Q_Max | Q10: Total | S10: =SUM($S$7:$S$9) -> 3497.1812 | AA10: Inverter | AB10: =IF(AA9 > 0, "y", "n") -> y | AC10: =IF(AB10 = "y", 1, 0) -> 1
B11: Loss coefficient Catchment to Storage | C11: K | D11: 10 | H11: 3 | I11: =IF($H$11=1,-0.0172,IF($H$11=2,-0.0039,IF($H$11=3,-0.0151,0))) -> -0.0151 | J11: =IF($H$11=1,-0.3605,IF($H$11=2,-0.096,IF($H$11=3,-0.5516,0))) -> -0.5516 | K11: =IF($H$11=1,150.9,IF($H$11=2,237.86,IF($H$11=3,356.8,0))) -> 356.8 | L11: =IF($H$11=1,0.7,IF($H$11=2,0.094,IF($H$11=3,0.72,0))) -> 0.72 | M11: =IF($H$11=1,0.39,IF($H$11=2,0.85,IF($H$11=3,0.55,0))) -> 0.55 | N11: =IF($H$11 = 1, 83.7, IF($H$11 = 2, 245.7, IF($H$11 = 3, 136.5, 0))) -> 136.5 | AA11: Batteries | AB11: y | AC11: 1
B12: Loss coefficient Storage to House | C12: K | D12: 10
B13: Pressure from storage | C13: rho g h | D13: ='Flow Rate'!$F$18 -> 255060 | E13: Pa | G13: %0.0-0.3 | H13: Amount of Non-Potable Water per Day (L) | I13: Amount of Non-Potable Water per Day (m^3) | J13: Days of Non-Potable Water
B14: Consumption | C14: C | D14: 745 | E14: L/day | F14: Non-Potable Water | G14: 0.2 | H14: =(G14*D14) -> 149 | I14: =H14/1000 -> 0.149
A16: Weather Data Testing | B16: Starting month # | C16: Day | D16: Daily rainfall (mm) | E16: Q_in [m^3/day] | F16: V_water [m^3] | G16: Q_out [m^3/day] | H16: Pump Pressure | I16: Pump Energy | J16: Pump Energy | K16: Mass O3 | L16: Mass O3 | M16: Energy for O3 | N16: Energy for O3 | O16: Energy for UV | P16: Energy for UV | Q16: Total Energy for Day | R16: Diesel Fuel | S16: Total Diesel Fuel | T16: Matience for Liters of Fuel Used | U16: Hours of Diesel running | W16: Mass Chlorine | X16: Mass Chlorine | Y16: Cholrine used | Z16: Chlorine Maintinence
C17: [-] | D17: [-] | H17: [Pa] | I17: [J] | J17: [MJ] | K17: [mg] | L17: [g] | M17: [J] | N17: [MJ] | O17: [Wh] | P17: [MJ] | Q17: [MJ] | R17: [L] | S17: [L] | T17: Every 100L | W17: [mg] | X17: [kg] | Y17: [kg] | Z17: [-]
C18: 1 | D18: 18.8 | E18: =(D18/1000)*$J$7 -> 20.68 | F18: ='Studio Rain System'!L23 -> 20.68 | G18: ='Studio Rain System'!M23 -> 0 | H18: ='Flow Rate'!$W$27 -> 464206.53 | I18: ='Ozone-Energy'!H11 -> 3710582.9 | J18: =I18 * 10^(-6) -> 3.7105829 | K18: ='Ozone-Energy'!J11 -> 103400 | L18: =K18/1000 -> 103.4 | M18: ='Ozone-Energy'!L11 -> 0 | N18: ='Ozone-Energy'!M11 -> 0 | O18: ='Ozone-Energy'!N11 -> 1200 | P18: =O18 * 3600 / 1000000 -> 4.32 | Q18: =J18 + N18 + P18 -> 8.0305829 | R18: ='Ozone-Energy'!Q11 -> 0 | S18: ='Ozone-Energy'!R11 -> 0 | T18: ='Ozone-Energy'!S11 -> 0 | W18: ='Ozone-Energy'!V11 -> 0 | X18: ='Ozone-Energy'!W11 -> 0 | Y18: ='Ozone-Energy'!X11 -> 0 | Z18: ='Ozone-Energy'!Y11 -> 0
C19: 2 | D19: 19.8 | E19: =(D19/1000)*$J$7 -> 21.78 | F19: ='Studio Rain System'!L24 -> 20 | G19: ='Studio Rain System'!M24 -> 0 | H19: ='Flow Rate'!$W$27 -> 464206.53 | I19: ='Ozone-Energy'!H12 -> 3907954.3 | J19: =I19 * 10^(-6) -> 3.9079543 | K19: ='Ozone-Energy'!J12 -> 108900 | L19: =K19/1000 -> 108.9 | M19: ='Ozone-Energy'!L12 -> 0 | N19: ='Ozone-Energy'!M12 -> 0 | O19: ='Ozone-Energy'!N12 -> 1200 | P19: =O19 * 3600 / 1000000 -> 4.32 | Q19: =J19 + N19 + P19 -> 8.2279543 | R19: ='Ozone-Energy'!Q12 -> 0 | S19: ='Ozone-Energy'!R12 -> 0 | T19: ='Ozone-Energy'!S12 -> 0 | W19: ='Ozone-Energy'!V12 -> 0 | X19: ='Ozone-Energy'!W12 -> 0 | Y19: ='Ozone-Energy'!X12 -> 0 | Z19: ='Ozone-Energy'!Y12 -> 0
C20: 3 | D20: 0 | E20: =(D20/1000)*$J$7 -> 0 | F20: ='Studio Rain System'!L25 -> 20 | G20: ='Studio Rain System'!M25 -> 0 | H20: ='Flow Rate'!$W$27 -> 464206.53 | I20: ='Ozone-Energy'!H13 -> 0 | J20: =I20 * 10^(-6) -> 0 | K20: ='Ozone-Energy'!J13 -> 0 | L20: =K20/1000 -> 0 | M20: ='Ozone-Energy'!L13 -> 0 | N20: ='Ozone-Energy'!M13 -> 0 | O20: ='Ozone-Energy'!N13 -> 1200 | P20: =O20 * 3600 / 1000000 -> 4.32 | Q20: =J20 + N20 + P20 -> 4.32 | R20: ='Ozone-Energy'!Q13 -> 0 | S20: ='Ozone-Energy'!R13 -> 0 | T20: ='Ozone-Energy'!S13 -> 0 | W20: ='Ozone-Energy'!V13 -> 0 | X20: ='Ozone-Energy'!W13 -> 0 | Y20: ='Ozone-Energy'!X13 -> 0 | Z20: ='Ozone-Energy'!Y13 -> 0
C21: 4 | D21: 0 | E21: =(D21/1000)*$J$7 -> 0 | F21: ='Studio Rain System'!L26 -> 20 | G21: ='Studio Rain System'!M26 -> 0 | H21: ='Flow Rate'!$W$27 -> 464206.53 | I21: ='Ozone-Energy'!H14 -> 0 | J21: =I21 * 10^(-6) -> 0 | K21: ='Ozone-Energy'!J14 -> 0 | L21: =K21/1000 -> 0 | M21: ='Ozone-Energy'!L14 -> 0 | N21: ='Ozone-Energy'!M14 -> 0 | O21: ='Ozone-Energy'!N14 -> 1200 | P21: =O21 * 3600 / 1000000 -> 4.32 | Q21: =J21 + N21 + P21 -> 4.32 | R21: ='Ozone-Energy'!Q14 -> 0 | S21: ='Ozone-Energy'!R14 -> 0 | T21: ='Ozone-Energy'!S14 -> 0 | W21: ='Ozone-Energy'!V14 -> 0 | X21: ='Ozone-Energy'!W14 -> 0 | Y21: ='Ozone-Energy'!X14 -> 0 | Z21: ='Ozone-Energy'!Y14 -> 0
C22: 5 | D22: 0 | E22: =(D22/1000)*$J$7 -> 0 | F22: ='Studio Rain System'!L27 -> 20 | G22: ='Studio Rain System'!M27 -> 0 | H22: ='Flow Rate'!$W$27 -> 464206.53 | I22: ='Ozone-Energy'!H15 -> 0 | J22: =I22 * 10^(-6) -> 0 | K22: ='Ozone-Energy'!J15 -> 0 | L22: =K22/1000 -> 0 | M22: ='Ozone-Energy'!L15 -> 0 | N22: ='Ozone-Energy'!M15 -> 0 | O22: ='Ozone-Energy'!N15 -> 1200 | P22: =O22 * 3600 / 1000000 -> 4.32 | Q22: =J22 + N22 + P22 -> 4.32 | R22: ='Ozone-Energy'!Q15 -> 0 | S22: ='Ozone-Energy'!R15 -> 0 | T22: ='Ozone-Energy'!S15 -> 0 | W22: ='Ozone-Energy'!V15 -> 0 | X22: ='Ozone-Energy'!W15 -> 0 | Y22: ='Ozone-Energy'!X15 -> 0 | Z22: ='Ozone-Energy'!Y15 -> 0
C23: 6 | D23: 5 | E23: =(D23/1000)*$J$7 -> 5.5 | F23: ='Studio Rain System'!L28 -> 20 | G23: ='Studio Rain System'!M28 -> 0 | H23: ='Flow Rate'!$W$27 -> 464206.53 | I23: ='Ozone-Energy'!H16 -> 986857.14 | J23: =I23 * 10^(-6) -> 0.98685714 | K23: ='Ozone-Energy'!J16 -> 27500 | L23: =K23/1000 -> 27.5 | M23: ='Ozone-Energy'!L16 -> 0 | N23: ='Ozone-Energy'!M16 -> 0 | O23: ='Ozone-Energy'!N16 -> 1200 | P23: =O23 * 3600 / 1000000 -> 4.32 | Q23: =J23 + N23 + P23 -> 5.3068571 | R23: ='Ozone-Energy'!Q16 -> 0 | S23: ='Ozone-Energy'!R16 -> 0 | T23: ='Ozone-Energy'!S16 -> 0 | W23: ='Ozone-Energy'!V16 -> 0 | X23: ='Ozone-Energy'!W16 -> 0 | Y23: ='Ozone-Energy'!X16 -> 0 | Z23: ='Ozone-Energy'!Y16 -> 0
C24: 7 | D24: 20.4 | E24: =(D24/1000)*$J$7 -> 22.44 | F24: ='Studio Rain System'!L29 -> 20 | G24: ='Studio Rain System'!M29 -> 0 | H24: ='Flow Rate'!$W$27 -> 464206.53 | I24: ='Ozone-Energy'!H17 -> 4026377.1 | J24: =I24 * 10^(-6) -> 4.0263771 | K24: ='Ozone-Energy'!J17 -> 112200 | L24: =K24/1000 -> 112.2 | M24: ='Ozone-Energy'!L17 -> 0 | N24: ='Ozone-Energy'!M17 -> 0 | O24: ='Ozone-Energy'!N17 -> 1200 | P24: =O24 * 3600 / 1000000 -> 4.32 | Q24: =J24 + N24 + P24 -> 8.3463771 | R24: ='Ozone-Energy'!Q17 -> 0 | S24: ='Ozone-Energy'!R17 -> 0 | T24: ='Ozone-Energy'!S17 -> 0 | W24: ='Ozone-Energy'!V17 -> 0 | X24: ='Ozone-Energy'!W17 -> 0 | Y24: ='Ozone-Energy'!X17 -> 0 | Z24: ='Ozone-Energy'!Y17 -> 0
C25: 8 | D25: 24.8 | E25: =(D25/1000)*$J$7 -> 27.28 | F25: ='Studio Rain System'!L30 -> 20 | G25: ='Studio Rain System'!M30 -> 0 | H25: ='Flow Rate'!$W$27 -> 464206.53 | I25: ='Ozone-Energy'!H18 -> 4894811.4 | J25: =I25 * 10^(-6) -> 4.8948114 | K25: ='Ozone-Energy'!J18 -> 136400 | L25: =K25/1000 -> 136.4 | M25: ='Ozone-Energy'!L18 -> 0 | N25: ='Ozone-Energy'!M18 -> 0 | O25: ='Ozone-Energy'!N18 -> 1200 | P25: =O25 * 3600 / 1000000 -> 4.32 | Q25: =J25 + N25 + P25 -> 9.2148114 | R25: ='Ozone-Energy'!Q18 -> 0 | S25: ='Ozone-Energy'!R18 -> 0 | T25: ='Ozone-Energy'!S18 -> 0 | W25: ='Ozone-Energy'!V18 -> 0 | X25: ='Ozone-Energy'!W18 -> 0 | Y25: ='Ozone-Energy'!X18 -> 0 | Z25: ='Ozone-Energy'!Y18 -> 0
C26: 9 | D26: 34 | E26: =(D26/1000)*$J$7 -> 37.4 | F26: ='Studio Rain System'!L31 -> 20 | G26: ='Studio Rain System'!M31 -> 0 | H26: ='Flow Rate'!$W$27 -> 464206.53 | I26: ='Ozone-Energy'!H19 -> 6710628.6 | J26: =I26 * 10^(-6) -> 6.7106286 | K26: ='Ozone-Energy'!J19 -> 187000 | L26: =K26/1000 -> 187 | M26: ='Ozone-Energy'!L19 -> 0 | N26: ='Ozone-Energy'!M19 -> 0 | O26: ='Ozone-Energy'!N19 -> 1200 | P26: =O26 * 3600 / 1000000 -> 4.32 | Q26: =J26 + N26 + P26 -> 11.030629 | R26: ='Ozone-Energy'!Q19 -> 0 | S26: ='Ozone-Energy'!R19 -> 0 | T26: ='Ozone-Energy'!S19 -> 0 | W26: ='Ozone-Energy'!V19 -> 0 | X26: ='Ozone-Energy'!W19 -> 0 | Y26: ='Ozone-Energy'!X19 -> 0 | Z26: ='Ozone-Energy'!Y19 -> 0
C27: 10 | D27: 44.6 | E27: =(D27/1000)*$J$7 -> 49.06 | F27: ='Studio Rain System'!L32 -> 20 | G27: ='Studio Rain System'!M32 -> 0 | H27: ='Flow Rate'!$W$27 -> 464206.53 | I27: ='Ozone-Energy'!H20 -> 8802765.7 | J27: =I27 * 10^(-6) -> 8.8027657 | K27: ='Ozone-Energy'!J20 -> 245300 | L27: =K27/1000 -> 245.3 | M27: ='Ozone-Energy'!L20 -> 0 | N27: ='Ozone-Energy'!M20 -> 0 | O27: ='Ozone-Energy'!N20 -> 1200 | P27: =O27 * 3600 / 1000000 -> 4.32 | Q27: =J27 + N27 + P27 -> 13.122766 | R27: ='Ozone-Energy'!Q20 -> 0 | S27: ='Ozone-Energy'!R20 -> 0 | T27: ='Ozone-Energy'!S20 -> 0 | W27: ='Ozone-Energy'!V20 -> 0 | X27: ='Ozone-Energy'!W20 -> 0 | Y27: ='Ozone-Energy'!X20 -> 0 | Z27: ='Ozone-Energy'!Y20 -> 0
C28: 11 | D28: 14.4 | E28: =(D28/1000)*$J$7 -> 15.84 | F28: ='Studio Rain System'!L33 -> 20 | G28: ='Studio Rain System'!M33 -> 0 | H28: ='Flow Rate'!$W$27 -> 464206.53 | I28: ='Ozone-Energy'!H21 -> 2842148.6 | J28: =I28 * 10^(-6) -> 2.8421486 | K28: ='Ozone-Energy'!J21 -> 79200 | L28: =K28/1000 -> 79.2 | M28: ='Ozone-Energy'!L21 -> 0 | N28: ='Ozone-Energy'!M21 -> 0 | O28: ='Ozone-Energy'!N21 -> 1200 | P28: =O28 * 3600 / 1000000 -> 4.32 | Q28: =J28 + N28 + P28 -> 7.1621486 | R28: ='Ozone-Energy'!Q21 -> 0 | S28: ='Ozone-Energy'!R21 -> 0 | T28: ='Ozone-Energy'!S21 -> 0 | W28: ='Ozone-Energy'!V21 -> 0 | X28: ='Ozone-Energy'!W21 -> 0 | Y28: ='Ozone-Energy'!X21 -> 0 | Z28: ='Ozone-Energy'!Y21 -> 0
C29: 12 | D29: 50.2 | E29: =(D29/1000)*$J$7 -> 55.22 | F29: ='Studio Rain System'!L34 -> 20 | G29: ='Studio Rain System'!M34 -> 0 | H29: ='Flow Rate'!$W$27 -> 464206.53 | I29: ='Ozone-Energy'!H22 -> 9908045.7 | J29: =I29 * 10^(-6) -> 9.9080457 | K29: ='Ozone-Energy'!J22 -> 276100 | L29: =K29/1000 -> 276.1 | M29: ='Ozone-Energy'!L22 -> 0 | N29: ='Ozone-Energy'!M22 -> 0 | O29: ='Ozone-Energy'!N22 -> 1200 | P29: =O29 * 3600 / 1000000 -> 4.32 | Q29: =J29 + N29 + P29 -> 14.228046 | R29: ='Ozone-Energy'!Q22 -> 0 | S29: ='Ozone-Energy'!R22 -> 0 | T29: ='Ozone-Energy'!S22 -> 0 | W29: ='Ozone-Energy'!V22 -> 0 | X29: ='Ozone-Energy'!W22 -> 0 | Y29: ='Ozone-Energy'!X22 -> 0 | Z29: ='Ozone-Energy'!Y22 -> 0
... C57: 40 | D57: 12.2 | E57: =(D57/1000)*$J$7 -> 13.42 | F57: ='Studio Rain System'!L62 -> 20 | G57: ='Studio Rain System'!M62 -> 0.745 | H57: ='Flow Rate'!$W$27 -> 464206.53 | I57: ='Ozone-Energy'!H50 -> 2407931.4 | J57: =I57 * 10^(-6) -> 2.4079314 | K57: ='Ozone-Energy'!J50 -> 67100 | L57: =K57/1000 -> 67.1 | M57: ='Ozone-Energy'!L50 -> 1.342e+08 | N57: ='Ozone-Energy'!M50 -> 134.2 | O57: ='Ozone-Energy'!N50 -> 1200 | P57: =O57 * 3600 / 1000000 -> 4.32 | Q57: =J57 + N57 + P57 -> 140.92793 | R57: ='Ozone-Energy'!Q50 -> 0 | S57: ='Ozone-Energy'!R50 -> 0 | T57: ='Ozone-Energy'!S50 -> 0 | W57: ='Ozone-Energy'!V50 -> 0 | X57: ='Ozone-Energy'!W50 -> 0 | Y57: ='Ozone-Energy'!X50 -> 0 | Z57: ='Ozone-Energy'!Y50 -> 0
C58: 41 | D58: 13.4 | E58: =(D58/1000)*$J$7 -> 14.74 | F58: ='Studio Rain System'!L63 -> 20 | G58: ='Studio Rain System'!M63 -> 0.745 | H58: ='Flow Rate'!$W$27 -> 464206.53 | I58: ='Ozone-Energy'!H51 -> 2644777.1 | J58: =I58 * 10^(-6) -> 2.6447771 | K58: ='Ozone-Energy'!J51 -> 73700 | L58: =K58/1000 -> 73.7 | M58: ='Ozone-Energy'!L51 -> 147400000 | N58: ='Ozone-Energy'!M51 -> 147.4 | O58: ='Ozone-Energy'!N51 -> 1200 | P58: =O58 * 3600 / 1000000 -> 4.32 | Q58: =(J58 + N58 + P58) -> 154.36478 | R58: ='Ozone-Energy'!Q51 -> 0 | S58: ='Ozone-Energy'!R51 -> 0 | T58: ='Ozone-Energy'!S51 -> 0 | W58: ='Ozone-Energy'!V51 -> 0 | X58: ='Ozone-Energy'!W51 -> 0 | Y58: ='Ozone-Energy'!X51 -> 0 | Z58: ='Ozone-Energy'!Y51 -> 0
C59: 42 | D59: 46.6 | E59: =(D59/1000)*$J$7 -> 51.26 | F59: ='Studio Rain System'!L64 -> 20 | G59: ='Studio Rain System'!M64 -> 0.745 | H59: ='Flow Rate'!$W$27 -> 464206.53 | I59: ='Ozone-Energy'!H52 -> 9197508.6 | J59: =I59 * 10^(-6) -> 9.1975086 | K59: ='Ozone-Energy'!J52 -> 256300 | L59: =K59/1000 -> 256.3 | M59: ='Ozone-Energy'!L52 -> 5.126e+08 | N59: ='Ozone-Energy'!M52 -> 512.6 | O59: ='Ozone-Energy'!N52 -> 1200 | P59: =O59 * 3600 / 1000000 -> 4.32 | Q59: =J59 + N59 + P59 -> 526.11751 | R59: ='Ozone-Energy'!Q52 -> 0 | S59: ='Ozone-Energy'!R52 -> 0 | T59: ='Ozone-Energy'!S52 -> 0 | W59: ='Ozone-Energy'!V52 -> 0 | X59: ='Ozone-Energy'!W52 -> 0 | Y59: ='Ozone-Energy'!X52 -> 0 | Z59: ='Ozone-Energy'!Y52 -> 0
C60: 43 | D60: 16.8 | E60: =(D60/1000)*$J$7 -> 18.48 | F60: ='Studio Rain System'!L65 -> 20 | G60: ='Studio Rain System'!M65 -> 0.745 | H60: ='Flow Rate'!$W$27 -> 464206.53 | I60: ='Ozone-Energy'!H53 -> 3315840 | J60: =I60 * 10^(-6) -> 3.31584 | K60: ='Ozone-Energy'!J53 -> 92400 | L60: =K60/1000 -> 92.4 | M60: ='Ozone-Energy'!L53 -> 1.848e+08 | N60: ='Ozone-Energy'!M53 -> 184.8 | O60: ='Ozone-Energy'!N53 -> 1200 | P60: =O60 * 3600 / 1000000 -> 4.32 | Q60: =J60 + N60 + P60 -> 192.43584 | R60: ='Ozone-Energy'!Q53 -> 0 | S60: ='Ozone-Energy'!R53 -> 0 | T60: ='Ozone-Energy'!S53 -> 0 | W60: ='Ozone-Energy'!V53 -> 0 | X60: ='Ozone-Energy'!W53 -> 0 | Y60: ='Ozone-Energy'!X53 -> 0 | Z60: ='Ozone-Energy'!Y53 -> 0
C61: 44 | D61: 15.6 | E61: =(D61/1000)*$J$7 -> 17.16 | F61: ='Studio Rain System'!L66 -> 20 | G61: ='Studio Rain System'!M66 -> 0.745 | H61: ='Flow Rate'!$W$27 -> 464206.53 | I61: ='Ozone-Energy'!H54 -> 3078994.3 | J61: =I61 * 10^(-6) -> 3.0789943 | K61: ='Ozone-Energy'!J54 -> 85800 | L61: =K61/1000 -> 85.8 | M61: ='Ozone-Energy'!L54 -> 171600000 | N61: ='Ozone-Energy'!M54 -> 171.6 | O61: ='Ozone-Energy'!N54 -> 1200 | P61: =O61 * 3600 / 1000000 -> 4.32 | Q61: =J61 + N61 + P61 -> 178.99899 | R61: ='Ozone-Energy'!Q54 -> 0 | S61: ='Ozone-Energy'!R54 -> 0 | T61: ='Ozone-Energy'!S54 -> 0 | W61: ='Ozone-Energy'!V54 -> 0 | X61: ='Ozone-Energy'!W54 -> 0 | Y61: ='Ozone-Energy'!X54 -> 0 | Z61: ='Ozone-Energy'!Y54 -> 0
C62: 45 | D62: 3 | E62: =(D62/1000)*$J$7 -> 3.3 | F62: ='Studio Rain System'!L67 -> 20 | G62: ='Studio Rain System'!M67 -> 0.745 | H62: ='Flow Rate'!$W$27 -> 464206.53 | I62: ='Ozone-Energy'!H55 -> 592114.29 | J62: =I62 * 10^(-6) -> 0.59211429 | K62: ='Ozone-Energy'!J55 -> 16500 | L62: =K62/1000 -> 16.5 | M62: ='Ozone-Energy'!L55 -> 33000000 | N62: ='Ozone-Energy'!M55 -> 33 | O62: ='Ozone-Energy'!N55 -> 1200 | P62: =O62 * 3600 / 1000000 -> 4.32 | Q62: =J62 + N62 + P62 -> 37.912114 | R62: ='Ozone-Energy'!Q55 -> 0 | S62: ='Ozone-Energy'!R55 -> 0 | T62: ='Ozone-Energy'!S55 -> 0 | W62: ='Ozone-Energy'!V55 -> 0 | X62: ='Ozone-Energy'!W55 -> 0 | Y62: ='Ozone-Energy'!X55 -> 0 | Z62: ='Ozone-Energy'!Y55 -> 0
C63: 46 | D63: 11.6 | E63: =(D63/1000)*$J$7 -> 12.76 | F63: ='Studio Rain System'!L68 -> 20 | G63: ='Studio Rain System'!M68 -> 0.745 | H63: ='Flow Rate'!$W$27 -> 464206.53 | I63: ='Ozone-Energy'!H56 -> 2289508.6 | J63: =I63 * 10^(-6) -> 2.2895086 | K63: ='Ozone-Energy'!J56 -> 63800 | L63: =K63/1000 -> 63.8 | M63: ='Ozone-Energy'!L56 -> 127600000 | N63: ='Ozone-Energy'!M56 -> 127.6 | O63: ='Ozone-Energy'!N56 -> 1200 | P63: =O63 * 3600 / 1000000 -> 4.32 | Q63: =J63 + N63 + P63 -> 134.20951 | R63: ='Ozone-Energy'!Q56 -> 0 | S63: ='Ozone-Energy'!R56 -> 0 | T63: ='Ozone-Energy'!S56 -> 0 | W63: ='Ozone-Energy'!V56 -> 0 | X63: ='Ozone-Energy'!W56 -> 0 | Y63: ='Ozone-Energy'!X56 -> 0 | Z63: ='Ozone-Energy'!Y56 -> 0
C64: 47 | D64: 19 | E64: =(D64/1000)*$J$7 -> 20.9 | F64: ='Studio Rain System'!L69 -> 20 | G64: ='Studio Rain System'!M69 -> 0.745 | H64: ='Flow Rate'!$W$27 -> 464206.53 | I64: ='Ozone-Energy'!H57 -> 3750057.1 | J64: =I64 * 10^(-6) -> 3.7500571 | K64: ='Ozone-Energy'!J57 -> 104500 | L64: =K64/1000 -> 104.5 | M64: ='Ozone-Energy'!L57 -> 209000000 | N64: ='Ozone-Energy'!M57 -> 209 | O64: ='Ozone-Energy'!N57 -> 1200 | P64: =O64 * 3600 / 1000000 -> 4.32 | Q64: =J64 + N64 + P64 -> 217.07006 | R64: ='Ozone-Energy'!Q57 -> 0 | S64: ='Ozone-Energy'!R57 -> 0 | T64: ='Ozone-Energy'!S57 -> 0 | W64: ='Ozone-Energy'!V57 -> 0 | X64: ='Ozone-Energy'!W57 -> 0 | Y64: ='Ozone-Energy'!X57 -> 0 | Z64: ='Ozone-Energy'!Y57 -> 0
C65: 48 | D65: 9.2 | E65: =(D65/1000)*$J$7 -> 10.12 | F65: ='Studio Rain System'!L70 -> 20 | G65: ='Studio Rain System'!M70 -> 0.745 | H65: ='Flow Rate'!$W$27 -> 464206.53 | I65: ='Ozone-Energy'!H58 -> 1815817.1 | J65: =I65 * 10^(-6) -> 1.8158171 | K65: ='Ozone-Energy'!J58 -> 50600 | L65: =K65/1000 -> 50.6 | M65: ='Ozone-Energy'!L58 -> 101200000 | N65: ='Ozone-Energy'!M58 -> 101.2 | O65: ='Ozone-Energy'!N58 -> 1200 | P65: =O65 * 3600 / 1000000 -> 4.32 | Q65: =J65 + N65 + P65 -> 107.33582 | R65: ='Ozone-Energy'!Q58 -> 0 | S65: ='Ozone-Energy'!R58 -> 0 | T65: ='Ozone-Energy'!S58 -> 0 | W65: ='Ozone-Energy'!V58 -> 0 | X65: ='Ozone-Energy'!W58 -> 0 | Y65: ='Ozone-Energy'!X58 -> 0 | Z65: ='Ozone-Energy'!Y58 -> 0
C66: 49 | D66: 12.6 | E66: =(D66/1000)*$J$7 -> 13.86 | F66: ='Studio Rain System'!L71 -> 20 | G66: ='Studio Rain System'!M71 -> 0.745 | H66: ='Flow Rate'!$W$27 -> 464206.53 | I66: ='Ozone-Energy'!H59 -> 2486880 | J66: =I66 * 10^(-6) -> 2.48688 | K66: ='Ozone-Energy'!J59 -> 69300 | L66: =K66/1000 -> 69.3 | M66: ='Ozone-Energy'!L59 -> 138600000 | N66: ='Ozone-Energy'!M59 -> 138.6 | O66: ='Ozone-Energy'!N59 -> 1200 | P66: =O66 * 3600 / 1000000 -> 4.32 | Q66: =J66 + N66 + P66 -> 145.40688 | R66: ='Ozone-Energy'!Q59 -> 0 | S66: ='Ozone-Energy'!R59 -> 0 | T66: ='Ozone-Energy'!S59 -> 0 | W66: ='Ozone-Energy'!V59 -> 0 | X66: ='Ozone-Energy'!W59 -> 0 | Y66: ='Ozone-Energy'!X59 -> 0 | Z66: ='Ozone-Energy'!Y59 -> 0
C67: 50 | D67: 21.8 | E67: =(D67/1000)*$J$7 -> 23.98 | F67: ='Studio Rain System'!L72 -> 20 | G67: ='Studio Rain System'!M72 -> 0.745 | H67: ='Flow Rate'!$W$27 -> 464206.53 | I67: ='Ozone-Energy'!H60 -> 4302697.1 | J67: =I67 * 10^(-6) -> 4.3026971 | K67: ='Ozone-Energy'!J60 -> 119900 | L67: =K67/1000 -> 119.9 | M67: ='Ozone-Energy'!L60 -> 239800000 | N67: ='Ozone-Energy'!M60 -> 239.8 | O67: ='Ozone-Energy'!N60 -> 1200 | P67: =O67 * 3600 / 1000000 -> 4.32 | Q67: =J67 + N67 + P67 -> 248.4227 | R67: ='Ozone-Energy'!Q60 -> 0 | S67: ='Ozone-Energy'!R60 -> 0 | T67: ='Ozone-Energy'!S60 -> 0 | W67: ='Ozone-Energy'!V60 -> 0 | X67: ='Ozone-Energy'!W60 -> 0 | Y67: ='Ozone-Energy'!X60 -> 0 | Z67: ='Ozone-Energy'!Y60 -> 0
C68: 51 | D68: 2.4 | E68: =(D68/1000)*$J$7 -> 2.64 | F68: ='Studio Rain System'!L73 -> 20 | G68: ='Studio Rain System'!M73 -> 0.745 | H68: ='Flow Rate'!$W$27 -> 464206.53 | I68: ='Ozone-Energy'!H61 -> 473691.43 | J68: =I68 * 10^(-6) -> 0.47369143 | K68: ='Ozone-Energy'!J61 -> 13200 | L68: =K68/1000 -> 13.2 | M68: ='Ozone-Energy'!L61 -> 26400000 | N68: ='Ozone-Energy'!M61 -> 26.4 | O68: ='Ozone-Energy'!N61 -> 1200 | P68: =O68 * 3600 / 1000000 -> 4.32 | Q68: =J68 + N68 + P68 -> 31.193691 | R68: ='Ozone-Energy'!Q61 -> 0 | S68: ='Ozone-Energy'!R61 -> 0 | T68: ='Ozone-Energy'!S61 -> 0 | W68: ='Ozone-Energy'!V61 -> 0 | X68: ='Ozone-Energy'!W61 -> 0 | Y68: ='Ozone-Energy'!X61 -> 0 | Z68: ='Ozone-Energy'!Y61 -> 0
C69: 52 | D69: 0.8 | E69: =(D69/1000)*$J$7 -> 0.88 | F69: ='Studio Rain System'!L74 -> 20 | G69: ='Studio Rain System'!M74 -> 0.745 | H69: ='Flow Rate'!$W$27 -> 464206.53 | I69: ='Ozone-Energy'!H62 -> 157897.14 | J69: =I69 * 10^(-6) -> 0.15789714 | K69: ='Ozone-Energy'!J62 -> 4400 | L69: =K69/1000 -> 4.4 | M69: ='Ozone-Energy'!L62 -> 8800000 | N69: ='Ozone-Energy'!M62 -> 8.8 | O69: ='Ozone-Energy'!N62 -> 1200 | P69: =O69 * 3600 / 1000000 -> 4.32 | Q69: =J69 + N69 + P69 -> 13.277897 | R69: ='Ozone-Energy'!Q62 -> 0 | S69: ='Ozone-Energy'!R62 -> 0 | T69: ='Ozone-Energy'!S62 -> 0 | W69: ='Ozone-Energy'!V62 -> 0 | X69: ='Ozone-Energy'!W62 -> 0 | Y69: ='Ozone-Energy'!X62 -> 0 | Z69: ='Ozone-Energy'!Y62 -> 0
C70: 53 | D70: 4.8 | E70: =(D70/1000)*$J$7 -> 5.28 | F70: ='Studio Rain System'!L75 -> 20 | G70: ='Studio Rain System'!M75 -> 0.745 | H70: ='Flow Rate'!$W$27 -> 464206.53 | I70: ='Ozone-Energy'!H63 -> 947382.86 | J70: =I70 * 10^(-6) -> 0.94738286 | K70: ='Ozone-Energy'!J63 -> 26400 | L70: =K70/1000 -> 26.4 | M70: ='Ozone-Energy'!L63 -> 52800000 | N70: ='Ozone-Energy'!M63 -> 52.8 | O70: ='Ozone-Energy'!N63 -> 1200 | P70: =O70 * 3600 / 1000000 -> 4.32 | Q70: =J70 + N70 + P70 -> 58.067383 | R70: ='Ozone-Energy'!Q63 -> 0 | S70: ='Ozone-Energy'!R63 -> 0 | T70: ='Ozone-Energy'!S63 -> 0 | W70: ='Ozone-Energy'!V63 -> 0 | X70: ='Ozone-Energy'!W63 -> 0 | Y70: ='Ozone-Energy'!X63 -> 0 | Z70: ='Ozone-Energy'!Y63 -> 0
... C382: 365 | D382: 0 | E382: =(D382/1000)*$J$7 -> 0 | F382: ='Studio Rain System'!L387 -> 17.02 | G382: ='Studio Rain System'!M387 -> 0.745 | H382: ='Flow Rate'!$W$27 -> 464206.53 | I382: ='Ozone-Energy'!H375 -> 0 | J382: =I382 * 10^(-6) -> 0 | K382: ='Ozone-Energy'!J375 -> 0 | L382: =K382/1000 -> 0 | M382: ='Ozone-Energy'!L375 -> 0 | N382: ='Ozone-Energy'!M375 -> 0 | O382: ='Ozone-Energy'!N375 -> 1200 | P382: =O382 * 3600 / 1000000 -> 4.32 | Q382: =J382 + N382 + P382 -> 4.32 | R382: ='Ozone-Energy'!Q375 -> 0 | S382: ='Ozone-Energy'!R375 -> 0 | T382: ='Ozone-Energy'!S375 -> 0 | W382: ='Ozone-Energy'!V375 -> 0 | X382: ='Ozone-Energy'!W375 -> 0 | Y382: ='Ozone-Energy'!X375 -> 0 | Z382: ='Ozone-Energy'!Y375 -> 0

Sheet Stakeholder Satisfaction
A1: RWH Satisfaction Values | C1: RED IS INPUT ONLY, TYPE NEW VALUES INTO RED
A2: Team J-9
A4: Satisfaction Curve Data from Compnent Selection Guide
A6: Attribute | B6: Parameter | C6: Equation | D6: Value | E6: Weight | F6: Min Value | G6: Max. Value | H6: Units | I6: Satisfaction | J6: Weight | K6: Weighted percents
A7: Consumption, C | B7: C | D7: ='Studio Rain System'!B11 -> 745 | E7: H | F7: 125 | G7: 745 | H7: L/day | I7: =IF(D7 > G7, 1, IF(D7<F7, 0,0.5*(1-COS((($D7-$F7)/($G7-$F7))*PI())))) -> 1 | J7: =H18*3 -> 0.1875 | K7: =I7*J7 -> 0.1875
A8: Relative cost, C_R | B8: C_R | D8: =Costs!B64 -> 54218.769 | E8: H | F8: =0.3*110000 -> 33000 | G8: =1.15*110000 -> 126500 | H8: % relative to shipping water | I8: =IF(D8<F8, 1, IF(D8>G8, 0, 0.5*(1+COS((($D8-F8)/(G8-F8))*PI())))) -> 0.87821817 | J8: =H18*3 -> 0.1875 | K8: =I8*J8 -> 0.16466591
A9: Health & environmental risk exposure, E | B9: E | D9: ='Health & Environment'!$AM$11 -> 0 | E9: M | F9: 1 | G9: 24 | H9: N/A | I9: =IF(D9 < F9, 1, IF(D9>G9, 0, 0.5*(1+COS(($D9-$F9)/($G9-$F9)*PI())))) -> 1 | J9: =$H$18*2 -> 0.125 | K9: =I9*J9 -> 0.125
A10: Power System & Greenhouse Gas, G | B10: G | D10: ='Greenhouse Gases'!G10 -> 34.662561 | E10: M | F10: 15 | G10: 110 | H10: % relative to shipping water | I10: =IF(D10<F10, 1, IF(D10>G10, 0, 0.5*(1+COS(($D10-$F10)/($G10-$F10)*PI())))) -> 0.89797258 | J10: =$H$18*2 -> 0.125 | K10: =I10*J10 -> 0.11224657
A11: Maintenance Occurence, MP | B11: M | D11: ='Organized Input Output'!I4 -> 18 | E11: M | F11: 10 | G11: 60 | H11: #/year | I11: =IF(D11<F11, 1, IF(D11>G11, 0, 0.5*(1+COS(($D11-$F11)/($G11-$F11)*PI())))) -> 0.93815334 | J11: =$H$18*2 -> 0.125 | K11: =I11*J11 -> 0.11726917
A12: Non-potable water supply, NP | B12: NP | D12: ='Organized Input Output'!G14 -> 0.2 | E12: L | F12: 0 | G12: 0.3 | H12: Average L/day (as fraction of consumption, C) | I12: =IF(D12>G12, 1, 0.5*(1-COS(($D12-$F12)/($G12-$F12)*PI()))) -> 0.75 | J12: =$H$18*1 -> 0.0625 | K12: =I12*J12 -> 0.046875
A13: On-demand flow rate, Qin | B13: Qin | D13: ='Organized Input Output'!Q4 -> 41.469023 | E13: L | F13: 18 | G13: 40 | H13: L/min | I13: =IF(D13>G13, 1, IF(D13<F13, 0, 0.5*(1-COS(($D13-$F13)/($G13-$F13)*PI())))) -> 1 | J13: =$H$18*1 -> 0.0625 | K13: =I13*J13 -> 0.0625
A14: Reliability (days consumption met), R | B14: R | D14: =(365-'Studio Rain System'!G13) -> 356 | E14: M | F14: 200 | G14: 365 | H14: days/year | I14: =IF(D14<F14, 0, 0.5*(1-COS(($D14-$F14)/($G14-$F14)*PI()))) -> 0.99267692 | J14: =$H$18*2 -> 0.125 | K14: =I14*J14 -> 0.12408461
A15: Overall Satisfaction | I15: =AVERAGE(I7:I14) -> 0.93212763 | J15: =SUM(J7:J14) -> 1 | K15: =SUM(K7:K14) -> 0.94014126
H18: 0.0625

Sheet Costs
A1: RWH Input-Output Data
A2: Team J-9
A3: Costs
A5: Description | B5: Input | C5: Item Cost | D5: Cost
A6: Catchment Area
A7: half roof catchment | B7: 0 | C7: 150 | D7: =C7*B7 -> 0
A8: full roof catchment | B8: =IF('Organized Input Output'!$H$7 = 100, 1, 0) -> 1 | C8: 350 | D8: =C8*B8 -> 350
A9: additional catchment | B9: ='Organized Input Output'!$I$7 -> 1000 | C9: 500+10/m3 | D9: =IF(B9 = 0, 0, 500+10*B9) -> 10500
A11: Catchment tank
A12: 400L | B12: =IF('Organized Input Output'!$K$7 = 400, 1, 0) -> 0 | C12: 200 | D12: =C12*B12 -> 0
A13: 1500L | B13: =IF('Organized Input Output'!$K$7 = 1500, 1, 0) -> 0 | C13: 500 | D13: =C13*B13 -> 0
A14: 2500L | B14: =IF('Organized Input Output'!$K$7 = 2500, 1, 0) -> 1 | C14: 900 | D14: =C14*B14 -> 900
A15: 5000L | B15: =IF('Organized Input Output'!$K$7 = 5000, 1, 0) -> 0 | C15: 1500 | D15: =C15*B15 -> 0
A16: 10000L | B16: =IF('Organized Input Output'!$K$7 = 10000, 1, 0) -> 0 | C16: 2000 | D16: =C16*B16 -> 0
A18: Storage Tank
A19: Volume | B19: ='Organized Input Output'!$H$9 -> 20 | C19: 300/m3 | D19: =300*B19 -> 6000
A20: Water level Sensor | B20: 1 | C20: 250 | D20: =C20*B20 -> 250
A21: Storage Tank Tower | B21: ='Organized Input Output'!$M$9 -> 21 | C21: 25(V_tank)^(1.6)+150(H_tower)^(1.8) | D21: =IF(B21 = 1, 25*(B19)^(1.6)+150*(B21)^(1.8), 0) -> 0
A22: Piping | B22: =SQRT(('Organized Input Output'!$I$9)^2+('Organized Input Output'!$J$9)^2+('Organized Input Output'!N9)^2) -> 48.74423 | C22: 40/m3 | D22: =40*B22 -> 1949.7692
A24: Water Treatment
A25: Bag Filter | B25: =IF('Organized Input Output'!R7 = "y", 1,0) -> 1 | C25: 100 | D25: =C25*B25 -> 100
A26: 1um Cartridge | B26: =IF('Organized Input Output'!R8 = "y", 1,0) -> 1 | C26: 110 | D26: =C26*B26 -> 110
A27: 5um Cartridge | B27: =IF('Organized Input Output'!R9 = "y", 1,0) -> 1 | C27: 125 | D27: =C27*B27 -> 125
A29: Chemical Disinfection
A31: Chlorine Initial | B31: =IF('Organized Input Output'!AD3 = "y", 1,0) -> 0 | C31: 700 | D31: =C31*B31 -> 0
A33: Ozone initial | B33: =IF('Organized Input Output'!AD5 = "y", 1, 0) -> 1 | C33: 4000 | D33: =C33*B33 -> 4000
A35: UV System
A36: 36W | B36: =IF('Organized Input Output'!AB4 = "y", 1,0) -> 0 | C36: 500 | D36: =C36*B36 -> 0
A37: 40W | B37: =IF('Organized Input Output'!AB5 = "y", 1, 0) -> 0 | C37: 600 | D37: =C37*B37 -> 0
A38: 50W | B38: =IF('Organized Input Output'!AB6 = "y", 1,0) -> 1 | C38: 850 | D38: =C38*B38 -> 850
A40: Pump Specs
A41: Pump A | B41: =IF( 'Organized Input Output'!$H$11 = 1, 1, 0) -> 0 | C41: 640 | D41: =C41*B41 -> 0
A42: Pump B | B42: =IF( 'Organized Input Output'!$H$11 = 2, 1, 0) -> 0 | C42: 1250 | D42: =C42*B42 -> 0
A43: Pump C | B43: =IF( 'Organized Input Output'!$H$11 = 3, 1, 0) -> 1 | C43: 3250 | D43: =C43*B43 -> 3250
A45: Power System
A46: Solar Panels
A47: HES-260 | B47: =IF('Organized Input Output'!$AA$9 = 260, 1, 0)*'Organized Input Output'!AC9 -> 0 | C47: 550 | D47: =C47*B47 -> 0
A48: SW-80 | B48: =IF('Organized Input Output'!$AA$9 = 80, 1, 0)*'Organized Input Output'!AC9 -> 5 | C48: 205 | D48: =C48*B48 -> 1025
A49: HES-306P | B49: =IF('Organized Input Output'!$AA$9 = 306, 1, 0)*'Organized Input Output'!AC9 -> 0 | C49: 450 | D49: =C49*B49 -> 0
A51: Diesel Generator | B51: =IF( 'Organized Input Output'!$AF$9 = "y", 1, 0) -> 0 | C51: 3250 | D51: =C51*B51 -> 0
A53: Misc.
A54: 12V Deep Cycle | B54: ='Organized Input Output'!AC11 -> 1 | C54: 390 | D54: =C54*B54 -> 390
A55: DC-AC Converter | B55: ='Organized Input Output'!AC10 -> 1 | C55: 2369 | D55: =C55*B55 -> 2369
A56: Yearly Costs
A57: Shipped Water | B57: ='Studio Rain System'!G13 -> 9 | C57: 100/day | D57: =100*B57 -> 900
A58: Diesel Cost per shipment | B58: ='Ozone-Energy'!Q5/100 -> 0 | C58: 325 | D58: =C58*B58 -> 0
A59: Maintince Filters | B59: ='Organized Input Output'!I4 -> 18 | C59: various costs | D59: =B59*IF('Organized Input Output'!R7 = "y", 50, 0) + B59*IF('Organized Input Output'!R8 = "y", 60, 0) + B59*IF('Organized Input Output'!R9 = "y", 75, 0) -> 3330
A60: Chlorine Shipped | B60: =IF('Organized Input Output'!AD3 = "y", 'Ozone-Energy'!Z5+1, 0) -> 0 | C60: 100 | D60: =B60*IF('Organized Input Output'!R8 = "y", 50, 0) + B60*IF('Organized Input Output'!R9 = "y", 60, 0) + B60*IF('Organized Input Output'!R10 = "y", 75, 0) -> 0
A61: Diesel Maintenance | B61: ='Ozone-Energy'!U6 -> 0 | C61: 50 | D61: =B61*IF('Organized Input Output'!R9 = "y", 50, 0) + B61*IF('Organized Input Output'!R10 = "y", 60, 0) + B61*IF('Organized Input Output'!R11 = "y", 75, 0) -> 0
A63: Total Cost Initial | B63: =SUM(D7:D57) -> 33068.769
A64: Total Cost for 5 years | B64: =B63+(SUM(D57:D61))*5 -> 54218.769
A65: Reference Cost for 5 years | B65: 110000

Sheet Flow Rate
A1: RWH Input-Output Data
A2: Team J-9
A3: Distance to storage tank, L | B3: ='Organized Input Output'!K9 -> 41.533119 | C3: [m]
A4: Height of storage tank | B4: ='Organized Input Output'!N9 -> 26 | C4: [m]
A5: Density of water, ρ | B5: ='Organized Input Output'!D9 -> 1000 | C5: [kg/m3]
A6: Gravity constant, g | B6: ='Organized Input Output'!D6 -> 9.81 | C6: [m/s2]
A7: Pump coefficients a | B7: ='Organized Input Output'!I11 -> -0.0151
A8: Pump coefficients b | B8: ='Organized Input Output'!J11 -> -0.5516
A9: Pump coefficients c | B9: ='Organized Input Output'!K11 -> 356.8
A10: Diameter of pipe D | B10: ='Organized Input Output'!D7 -> 0.02 | C10: [m]
A11: Area of the pipe | B11: ='Organized Input Output'!D8 -> 0.00031415927 | C11: [m^2]
A12: Friction factor for pipe, f | B12: ='Organized Input Output'!D10 -> 0.05
A13: Loss coefficient due to fittings and valves on the pipe, K | B13: ='Organized Input Output'!D12 -> 10 | C13: [K] | D13: Storage to House | U13: House to Storage
A14: Filter coefficient, Cf | B14: ='Organized Input Output'!G4 -> 13743
D16: Flow Velocity, V | E16: Flow Rate, Q | F16: Pump Pressure, Pa | G16: System Curve Pressure, Pa | U16: Flow Velocity, V | V16: Flow Rate, Q | W16: Pump Pressure, Pa | X16: System Curve Pressure, Pa
D17: [m/s] | E17: [L/min] | F17: [Pa] | G17: [Pa] | H17: Q (m³/s) | I17: Difference from pump to system | U17: [m/s] | V17: [L/min] | W17: [Pa] | X17: [Pa] | Y17: Q (m³/s) | Z17: Difference from pump to system | AA17: Variable Efficiency
D18: 0 | E18: =(D18 * $B$11) * 60000 -> 0 | F18: =$B$5*$B$6*$B$4 -> 255060 | G18: =($B$12*($B$3/($B$10))*(($B$5*D18^2)/2))+($B$13*($B$5*D18^2)/2) -> 0 | H18: =E18 / 1000 / 60 -> 0 | I18: =F18-G18 -> 255060 | U18: 0 | V18: =(U18 * $B$11) * 60000 -> 0 | W18: =$B$5*$B$6*$B$4 + ($B$12*($B$3/$B$10)*($B$5*U18*U18/2)) + ($B$13*($B$5*U18*U18/2)) + $B$14*U18 -> 255060 | X18: =($B$7*(V18*V18) + $B$8*V18 + $B$9)*1000 -> 356800 | Y18: =V18 / 1000 / 60 -> 0 | Z18: =W18-X18 -> -101740 | AA18: =1.2*'Organized Input Output'!$L$11 * (EXP(V18/'Organized Input Output'!$N$11) - 1 - 1.72 * (V18 / 'Organized Input Output'!$N$11)^4 )^ 'Organized Input Output'!$M$11 -> 0
D19: =D18+0.2 -> 0.2 | E19: =(D19 * $B$11) * 60000 -> 3.7699112 | F19: =$B$5*$B$6*$B$4 -> 255060 | G19: =($B$12*($B$3/($B$10))*(($B$5*D19^2)/2))+($B$13*($B$5*D19^2)/2) -> 2276.656 | H19: =E19 / 1000 / 60 -> 6.2831853e-05 | I19: =F19-G19 -> 252783.34 | U19: =U18+0.2 -> 0.2 | V19: =(U19 * $B$11) * 60000 -> 3.7699112 | W19: =$B$5*$B$6*$B$4 + ($B$12*($B$3/$B$10)*($B$5*U19*U19/2)) + ($B$13*($B$5*U19*U19/2)) + $B$14*U19 -> 260085.26 | X19: =($B$7*(V19*V19) + $B$8*V19 + $B$9)*1000 -> 354505.91 | Y19: =V19 / 1000 / 60 -> 6.2831853e-05 | Z19: =W19-X19 -> -94420.656 | AA19: =1.2*'Organized Input Output'!$L$11 * (EXP(V19/'Organized Input Output'!$N$11) - 1 - 1.72 * (V19/'Organized Input Output'!$N$11)^4 )^ 'Organized Input Output'!$M$11 -> 0.12091229
D20: =D19+0.2 -> 0.4 | E20: =(D20 * $B$11) * 60000 -> 7.5398224 | F20: =$B$5*$B$6*$B$4 -> 255060 | G20: =($B$12*($B$3/($B$10))*(($B$5*D20^2)/2))+($B$13*($B$5*D20^2)/2) -> 9106.6239 | H20: =E20 / 1000 / 60 -> 0.00012566371 | I20: =F20-G20 -> 245953.38 | U20: =U19+0.2 -> 0.4 | V20: =(U20 * $B$11) * 60000 -> 7.5398224 | W20: =$B$5*$B$6*$B$4 + ($B$12*($B$3/$B$10)*($B$5*U20*U20/2)) + ($B$13*($B$5*U20*U20/2)) + $B$14*U20 -> 269663.82 | X20: =($B$7*(V20*V20) + $B$8*V20 + $B$9)*1000 -> 351782.62 | Y20: =V20 / 1000 / 60 -> 0.00012566371 | Z20: =W20-X20 -> -82118.791 | AA20: =1.2*'Organized Input Output'!$L$11 * (EXP(V20/'Organized Input Output'!$N$11) - 1 - 1.72 * (V20/'Organized Input Output'!$N$11)^4 )^ 'Organized Input Output'!$M$11 -> 0.17836079
D21: =D20+0.2 -> 0.6 | E21: =(D21 * $B$11) * 60000 -> 11.309734 | F21: =$B$5*$B$6*$B$4 -> 255060 | G21: =($B$12*($B$3/($B$10))*(($B$5*D21^2)/2))+($B$13*($B$5*D21^2)/2) -> 20489.904 | H21: =E21 / 1000 / 60 -> 0.00018849556 | I21: =F21-G21 -> 234570.1 | U21: =U20+0.2 -> 0.6 | V21: =(U21 * $B$11) * 60000 -> 11.309734 | W21: =$B$5*$B$6*$B$4 + ($B$12*($B$3/$B$10)*($B$5*U21*U21/2)) + ($B$13*($B$5*U21*U21/2)) + $B$14*U21 -> 283795.7 | X21: =($B$7*(V21*V21) + $B$8*V21 + $B$9)*1000 -> 348630.11 | Y21: =V21 / 1000 / 60 -> 0.00018849556 | Z21: =W21-X21 -> -64834.405 | AA21: =1.2*'Organized Input Output'!$L$11 * (EXP(V21/'Organized Input Output'!$N$11) - 1 - 1.72 * (V21/'Organized Input Output'!$N$11)^4 )^ 'Organized Input Output'!$M$11 -> 0.22455832
D22: =D21+0.2 -> 0.8 | E22: =(D22 * $B$11) * 60000 -> 15.079645 | F22: =$B$5*$B$6*$B$4 -> 255060 | G22: =($B$12*($B$3/($B$10))*(($B$5*D22^2)/2))+($B$13*($B$5*D22^2)/2) -> 36426.495 | H22: =E22 / 1000 / 60 -> 0.00025132741 | I22: =F22-G22 -> 218633.5 | U22: =U21+0.2 -> 0.8 | V22: =(U22 * $B$11) * 60000 -> 15.079645 | W22: =$B$5*$B$6*$B$4 + ($B$12*($B$3/$B$10)*($B$5*U22*U22/2)) + ($B$13*($B$5*U22*U22/2)) + $B$14*U22 -> 302480.9 | X22: =($B$7*(V22*V22) + $B$8*V22 + $B$9)*1000 -> 345048.39 | Y22: =V22 / 1000 / 60 -> 0.00025132741 | Z22: =W22-X22 -> -42567.498 | AA22: =1.2*'Organized Input Output'!$L$11 * (EXP(V22/'Organized Input Output'!$N$11) - 1 - 1.72 * (V22/'Organized Input Output'!$N$11)^4 )^ 'Organized Input Output'!$M$11 -> 0.26490908
D23: =D22+0.2 -> 1 | E23: =(D23 * $B$11) * 60000 -> 18.849556 | F23: =$B$5*$B$6*$B$4 -> 255060 | G23: =($B$12*($B$3/($B$10))*(($B$5*D23^2)/2))+($B$13*($B$5*D23^2)/2) -> 56916.399 | H23: =E23 / 1000 / 60 -> 0.00031415927 | I23: =F23-G23 -> 198143.6 | U23: =U22+0.2 -> 1 | V23: =(U23 * $B$11) * 60000 -> 18.849556 | W23: =$B$5*$B$6*$B$4 + ($B$12*($B$3/$B$10)*($B$5*U23*U23/2)) + ($B$13*($B$5*U23*U23/2)) + $B$14*U23 -> 325719.4 | X23: =($B$7*(V23*V23) + $B$8*V23 + $B$9)*1000 -> 341037.47 | Y23: =V23 / 1000 / 60 -> 0.00031415927 | Z23: =W23-X23 -> -15318.069 | AA23: =1.2*'Organized Input Output'!$L$11 * (EXP(V23/'Organized Input Output'!$N$11) - 1 - 1.72 * (V23/'Organized Input Output'!$N$11)^4 )^ 'Organized Input Output'!$M$11 -> 0.30149324
D24: =D23+0.2 -> 1.2 | E24: =(D24 * $B$11) * 60000 -> 22.619467 | F24: =$B$5*$B$6*$B$4 -> 255060 | G24: =($B$12*($B$3/($B$10))*(($B$5*D24^2)/2))+($B$13*($B$5*D24^2)/2) -> 81959.615 | H24: =E24 / 1000 / 60 -> 0.00037699112 | I24: =F24-G24 -> 173100.39 | U24: =U23+0.2 -> 1.2 | V24: =(U24 * $B$11) * 60000 -> 22.619467 | W24: =$B$5*$B$6*$B$4 + ($B$12*($B$3/$B$10)*($B$5*U24*U24/2)) + ($B$13*($B$5*U24*U24/2)) + $B$14*U24 -> 353511.21 | X24: =($B$7*(V24*V24) + $B$8*V24 + $B$9)*1000 -> 336597.33 | Y24: =V24 / 1000 / 60 -> 0.00037699112 | Z24: =W24-X24 -> 16913.881 | AA24: =1.2*'Organized Input Output'!$L$11 * (EXP(V24/'Organized Input Output'!$N$11) - 1 - 1.72 * (V24/'Organized Input Output'!$N$11)^4 )^ 'Organized Input Output'!$M$11 -> 0.33534759
D25: =D24+0.2 -> 1.4 | E25: =(D25 * $B$11) * 60000 -> 26.389378 | F25: =$B$5*$B$6*$B$4 -> 255060 | G25: =($B$12*($B$3/($B$10))*(($B$5*D25^2)/2))+($B$13*($B$5*D25^2)/2) -> 111556.14 | H25: =E25 / 1000 / 60 -> 0.00043982297 | I25: =F25-G25 -> 143503.86 | U25: =U24+0.2 -> 1.4 | V25: =(U25 * $B$11) * 60000 -> 26.389378 | W25: =$B$5*$B$6*$B$4 + ($B$12*($B$3/$B$10)*($B$5*U25*U25/2)) + ($B$13*($B$5*U25*U25/2)) + $B$14*U25 -> 385856.34 | X25: =($B$7*(V25*V25) + $B$8*V25 + $B$9)*1000 -> 331727.99 | Y25: =V25 / 1000 / 60 -> 0.00043982297 | Z25: =W25-X25 -> 54128.353 | AA25: =1.2*'Organized Input Output'!$L$11 * (EXP(V25/'Organized Input Output'!$N$11) - 1 - 1.72 * (V25/'Organized Input Output'!$N$11)^4 )^ 'Organized Input Output'!$M$11 -> 0.36705564
D26: =D25+0.2 -> 1.6 | E26: =(D26 * $B$11) * 60000 -> 30.159289 | F26: =$B$5*$B$6*$B$4 -> 255060 | G26: =($B$12*($B$3/($B$10))*(($B$5*D26^2)/2))+($B$13*($B$5*D26^2)/2) -> 145705.98 | H26: =E26 / 1000 / 60 -> 0.00050265482 | I26: =F26-G26 -> 109354.02 | U26: =U25+0.2 -> 1.6 | V26: =(U26 * $B$11) * 60000 -> 30.159289 | W26: =$B$5*$B$6*$B$4 + ($B$12*($B$3/$B$10)*($B$5*U26*U26/2)) + ($B$13*($B$5*U26*U26/2)) + $B$14*U26 -> 422754.78 | X26: =($B$7*(V26*V26) + $B$8*V26 + $B$9)*1000 -> 326429.44 | Y26: =V26 / 1000 / 60 -> 0.00050265482 | Z26: =W26-X26 -> 96325.345 | AA26: =1.2*'Organized Input Output'!$L$11 * (EXP(V26/'Organized Input Output'!$N$11) - 1 - 1.72 * (V26/'Organized Input Output'!$N$11)^4 )^ 'Organized Input Output'!$M$11 -> 0.39696567
D27: =D26+0.2 -> 1.8 | E27: =(D27 * $B$11) * 60000 -> 33.929201 | F27: =$B$5*$B$6*$B$4 -> 255060 | G27: =($B$12*($B$3/($B$10))*(($B$5*D27^2)/2))+($B$13*($B$5*D27^2)/2) -> 184409.13 | H27: =E27 / 1000 / 60 -> 0.00056548668 | I27: =F27-G27 -> 70650.867 | U27: =U26+0.2 -> 1.8 | V27: =(U27 * $B$11) * 60000 -> 33.929201 | W27: =$B$5*$B$6*$B$4 + ($B$12*($B$3/$B$10)*($B$5*U27*U27/2)) + ($B$13*($B$5*U27*U27/2)) + $B$14*U27 -> 464206.53 | X27: =($B$7*(V27*V27) + $B$8*V27 + $B$9)*1000 -> 320701.67 | Y27: =V27 / 1000 / 60 -> 0.00056548668 | Z27: =W27-X27 -> 143504.86 | AA27: =1.2*'Organized Input Output'!$L$11 * (EXP(V27/'Organized Input Output'!$N$11) - 1 - 1.72 * (V27/'Organized Input Output'!$N$11)^4 )^ 'Organized Input Output'!$M$11 -> 0.42528866
D28: =D27+0.2 -> 2 | E28: =(D28 * $B$11) * 60000 -> 37.699112 | F28: =$B$5*$B$6*$B$4 -> 255060 | G28: =($B$12*($B$3/($B$10))*(($B$5*D28^2)/2))+($B$13*($B$5*D28^2)/2) -> 227665.6 | H28: =E28 / 1000 / 60 -> 0.00062831853 | I28: =F28-G28 -> 27394.403 | U28: =U27+0.2 -> 2 | V28: =(U28 * $B$11) * 60000 -> 37.699112 | W28: =$B$5*$B$6*$B$4 + ($B$12*($B$3/$B$10)*($B$5*U28*U28/2)) + ($B$13*($B$5*U28*U28/2)) + $B$14*U28 -> 510211.6 | X28: =($B$7*(V28*V28) + $B$8*V28 + $B$9)*1000 -> 314544.7 | Y28: =V28 / 1000 / 60 -> 0.00062831853 | Z28: =W28-X28 -> 195666.89 | AA28: =1.2*'Organized Input Output'!$L$11 * (EXP(V28/'Organized Input Output'!$N$11) - 1 - 1.72 * (V28/'Organized Input Output'!$N$11)^4 )^ 'Organized Input Output'!$M$11 -> 0.45214832 | AD28: Flow Rate | AE28: {=MIN(ABS(Z18:Z33))} -> 15318.069
D29: =D28+0.2 -> 2.2 | E29: =(D29 * $B$11) * 60000 -> 41.469023 | F29: =$B$5*$B$6*$B$4 -> 255060 | G29: =($B$12*($B$3/($B$10))*(($B$5*D29^2)/2))+($B$13*($B$5*D29^2)/2) -> 275475.37 | H29: =E29 / 1000 / 60 -> 0.00069115038 | I29: =F29-G29 -> -20415.372 | U29: =U28+0.2 -> 2.2 | V29: =(U29 * $B$11) * 60000 -> 41.469023 | W29: =$B$5*$B$6*$B$4 + ($B$12*($B$3/$B$10)*($B$5*U29*U29/2)) + ($B$13*($B$5*U29*U29/2)) + $B$14*U29 -> 560769.97 | X29: =($B$7*(V29*V29) + $B$8*V29 + $B$9)*1000 -> 307958.52 | Y29: =V29 / 1000 / 60 -> 0.00069115038 | Z29: =W29-X29 -> 252811.45 | AA29: =1.2*'Organized Input Output'!$L$11 * (EXP(V29/'Organized Input Output'!$N$11) - 1 - 1.72 * (V29/'Organized Input Output'!$N$11)^4 )^ 'Organized Input Output'!$M$11 -> 0.47760896 | AD29: Q [LPM] | AE29: {=INDEX(V18:V33, MATCH(MIN(ABS(Z18:Z33)), ABS(Z18:Z33), 0))} -> 18.849556
D30: =D29+0.2 -> 2.4 | E30: =(D30 * $B$11) * 60000 -> 45.238934 | F30: =$B$5*$B$6*$B$4 -> 255060 | G30: =($B$12*($B$3/($B$10))*(($B$5*D30^2)/2))+($B$13*($B$5*D30^2)/2) -> 327838.46 | H30: =E30 / 1000 / 60 -> 0.00075398224 | I30: =F30-G30 -> -72778.459 | K30: Flow Rate | L30: {=MIN(ABS(I18:I33))} -> 20415.372 | U30: =U29+0.2 -> 2.4 | V30: =(U30 * $B$11) * 60000 -> 45.238934 | W30: =$B$5*$B$6*$B$4 + ($B$12*($B$3/$B$10)*($B$5*U30*U30/2)) + ($B$13*($B$5*U30*U30/2)) + $B$14*U30 -> 615881.66 | X30: =($B$7*(V30*V30) + $B$8*V30 + $B$9)*1000 -> 300943.13 | Y30: =V30 / 1000 / 60 -> 0.00075398224 | Z30: =W30-X30 -> 314938.53 | AA30: =1.2*'Organized Input Output'!$L$11 * (EXP(V30/'Organized Input Output'!$N$11) - 1 - 1.72 * (V30/'Organized Input Output'!$N$11)^4 )^ 'Organized Input Output'!$M$11 -> 0.50169195 | AD30: Q [m^3/day] | AE30: =AE29*1.44 -> 27.143361
D31: =D30+0.2 -> 2.6 | E31: =(D31 * $B$11) * 60000 -> 49.008845 | F31: =$B$5*$B$6*$B$4 -> 255060 | G31: =($B$12*($B$3/($B$10))*(($B$5*D31^2)/2))+($B$13*($B$5*D31^2)/2) -> 384754.86 | H31: =E31 / 1000 / 60 -> 0.00081681409 | I31: =F31-G31 -> -129694.86 | K31: Q [LPM] | L31: {=INDEX(E18:E33, MATCH(MIN(ABS(I18:I33)), ABS(I18:I33), 0))} -> 41.469023 | U31: =U30+0.2 -> 2.6 | V31: =(U31 * $B$11) * 60000 -> 49.008845 | W31: =$B$5*$B$6*$B$4 + ($B$12*($B$3/$B$10)*($B$5*U31*U31/2)) + ($B$13*($B$5*U31*U31/2)) + $B$14*U31 -> 675546.66 | X31: =($B$7*(V31*V31) + $B$8*V31 + $B$9)*1000 -> 293498.53 | Y31: =V31 / 1000 / 60 -> 0.00081681409 | Z31: =W31-X31 -> 382048.13 | AA31: =1.2*'Organized Input Output'!$L$11 * (EXP(V31/'Organized Input Output'!$N$11) - 1 - 1.72 * (V31/'Organized Input Output'!$N$11)^4 )^ 'Organized Input Output'!$M$11 -> 0.52438604 | AD31: Efficiency | AE31: =INDEX(AA18:AA33, MATCH(AE29, V18:V33, 0)) -> 0.30149324
D32: =D31+0.2 -> 2.8 | E32: =(D32 * $B$11) * 60000 -> 52.778757 | F32: =$B$5*$B$6*$B$4 -> 255060 | G32: =($B$12*($B$3/($B$10))*(($B$5*D32^2)/2))+($B$13*($B$5*D32^2)/2) -> 446224.57 | H32: =E32 / 1000 / 60 -> 0.00087964594 | I32: =F32-G32 -> -191164.57 | K32: Q [m^3/day] | L32: =L31*1.44 -> 59.715393 | U32: =U31+0.2 -> 2.8 | V32: =(U32 * $B$11) * 60000 -> 52.778757 | W32: =$B$5*$B$6*$B$4 + ($B$12*($B$3/$B$10)*($B$5*U32*U32/2)) + ($B$13*($B$5*U32*U32/2)) + $B$14*U32 -> 739764.97 | X32: =($B$7*(V32*V32) + $B$8*V32 + $B$9)*1000 -> 285624.72 | Y32: =V32 / 1000 / 60 -> 0.00087964594 | Z32: =W32-X32 -> 454140.25 | AA32: =1.2*'Organized Input Output'!$L$11 * (EXP(V32/'Organized Input Output'!$N$11) - 1 - 1.72 * (V32/'Organized Input Output'!$N$11)^4 )^ 'Organized Input Output'!$M$11 -> 0.54565374
D33: =D32+0.2 -> 3 | E33: =(D33 * $B$11) * 60000 -> 56.548668 | F33: =$B$5*$B$6*$B$4 -> 255060 | G33: =($B$12*($B$3/($B$10))*(($B$5*D33^2)/2))+($B$13*($B$5*D33^2)/2) -> 512247.59 | H33: =E33 / 1000 / 60 -> 0.0009424778 | I33: =F33-G33 -> -257187.59 | U33: =U32+0.2 -> 3 | V33: =(U33 * $B$11) * 60000 -> 56.548668 | W33: =$B$5*$B$6*$B$4 + ($B$12*($B$3/$B$10)*($B$5*U33*U33/2)) + ($B$13*($B$5*U33*U33/2)) + $B$14*U33 -> 808536.59 | X33: =($B$7*(V33*V33) + $B$8*V33 + $B$9)*1000 -> 277321.7 | Y33: =V33 / 1000 / 60 -> 0.0009424778 | Z33: =W33-X33 -> 531214.89 | AA33: =1.2*'Organized Input Output'!$L$11 * (EXP(V33/'Organized Input Output'!$N$11) - 1 - 1.72 * (V33/'Organized Input Output'!$N$11)^4 )^ 'Organized Input Output'!$M$11 -> 0.5654355
B34: goal seek | D34: 1.9809089 | E34: =(D34 * $B$11) * 60000 -> 37.339253 | F34: =$B$5*$B$6*$B$4 -> 255060 | G34: =($B$12*($B$3/($B$10))*(($B$5*D34^2)/2))+($B$13*($B$5*D34^2)/2) -> 223339.95 | H34: =E34 / 1000 / 60 -> 0.00062232088 | I34: =F34-G34 -> 31720.05 | U34: 2.5458162 | V34: =(U34 * $B$11) * 60000 -> 47.987505 | W34: =$B$5*$B$6*$B$4 + ($B$12*($B$3/$B$10)*($B$5*U34*U34/2)) + ($B$13*($B$5*U34*U34/2)) + $B$14*U34 -> 658932.58 | X34: =($B$7*(V34*V34) + $B$8*V34 + $B$9)*1000 -> 295557.8 | Y34: =V34 / 1000 / 60 -> 0.00079979175 | Z34: =W34-X34 -> 363374.78
E35: on demand flow rate | V35: =V34*1.44 -> 69.102007

Sheet Solar Energy Model
A1: Solar Energy Model
A3: Sunshine Data | D3: HES-260(Solar)
A4: Month | B4: Sunshine/day | D4: Solar Intensity | E4: 275 | F4: W/m^2
A5: [-] | B5: [hr] | D5: Panel area | E5: ='Organized Input Output'!$AD$9 -> 8 | F5: m^2
A6: Jan | B6: 8.5 | D6: # of panels | E6: ='Organized Input Output'!$AC$9 -> 5
A7: Feb | B7: 10 | D7: Efficiency | E7: ='Organized Input Output'!$AB$9 -> 0.15
A8: Mar | B8: 11.8 | D8: Batteries
A9: Apr | B9: 13.6 | D9: Capacity | E9: ='Organized Input Output'!AC11*2000 -> 2000 | F9: Wh
A10: May | B10: 15.3 | D10: # of batteries | E10: ='Organized Input Output'!$AC$11 -> 1
A11: Jun | B11: 16 | D11: Efficiency | E11: 0.96
A12: Jul | B12: 15.75 | D12: Electrical Power Demand
A13: Aug | B13: 14.2 | D13: Use per day | E13: 15 | F13: hours
A14: Sep | B14: 12.5
A15: Oct | B15: 10.75
A16: Nov | B16: 9
A17: Dec | B17: 8.25
A19: Day | B19: Month | C19: Date | D19: Hours of Sunshine | E19: Incident Solar Energy | F19: Energy Generated | G19: Energy In | H19: Energy Needed | I19: Energy Out | J19: Energy Stored | K19: Meets requirement? | M19: Days Power Requirement not met | O19: =IF(MAX(G22-I22,0)>$E$9,$E$9,MAX(G22-I22,0)) -> 552.22619
A20: [-] | B20: [-] | C20: [-] | D20: [hr] | E20: [Whr] | F20: [Whr] | G20: [Whr] | H20: [Whr] | I20: [Whr] | J20: [Wh] | K20: [-] | M20: =SUM(K21:K386) -> 0
A21: 1 | B21: Jan | C21: 1 | D21: =$B$6 -> 8.5 | E21: =$E$4 * ($E$5)*D21 -> 18700 | F21: =E21*$E$7 -> 2805 | G21: =F21*$E$11 -> 2692.8 | H21: ='Ozone-Energy'!P11*10^6/86400 * 24 -> 1030.7175 | I21: =IF( G21-H21*(1/$E$11) < 0, G21/$E$11, H21/$E$11) -> 1073.664 | J21: =E9 -> 2000 | K21: =IF(J21<=0, 1, 0) -> 0
A22: 2 | B22: Jan | C22: 2 | D22: =$B$6 -> 8.5 | E22: =$E$4 * ($E$6)*D22 -> 11687.5 | F22: =E22*$E$7 -> 1753.125 | G22: =F22*$E$11 -> 1683 | H22: ='Ozone-Energy'!P12*10^6/86400 * 24 -> 1085.5429 | I22: =IF( J21+G22-H22*(1/$E$11) < 0, 0, H22*(1/$E$11)) -> 1130.7738 | J22: =MAX(MIN(J21 + G21 - I21, $E$9), 0) -> 2000 | K22: =IF(J22<=0, 1, 0) -> 0
A23: 3 | B23: Jan | C23: 3 | D23: =$B$6 -> 8.5 | E23: =$E$4 * ($E$6)*D23 -> 11687.5 | F23: =E23*$E$7 -> 1753.125 | G23: =F23*$E$11 -> 1683 | H23: ='Ozone-Energy'!P13*10^6/86400 * 24 -> 0 | I23: =IF( J22+G23-H23*(1/$E$11) < 0, 0, H23*(1/$E$11)) -> 0 | J23: =MAX(MIN(J22 + G22 - I22, $E$9), 0) -> 2000 | K23: =IF(J23<=0, 1, 0) -> 0
A24: 4 | B24: Jan | C24: 4 | D24: =$B$6 -> 8.5 | E24: =$E$4 * ($E$6)*D24 -> 11687.5 | F24: =E24*$E$7 -> 1753.125 | G24: =F24*$E$11 -> 1683 | H24: ='Ozone-Energy'!P14*10^6/86400 * 24 -> 0 | I24: =IF( J23+G24-H24*(1/$E$11) < 0, 0, H24*(1/$E$11)) -> 0 | J24: =MAX(MIN(J23 + G23 - I23, $E$9), 0) -> 2000 | K24: =IF(J24<=0, 1, 0) -> 0
A25: 5 | B25: Jan | C25: 5 | D25: =$B$6 -> 8.5 | E25: =$E$4 * ($E$6)*D25 -> 11687.5 | F25: =E25*$E$7 -> 1753.125 | G25: =F25*$E$11 -> 1683 | H25: ='Ozone-Energy'!P15*10^6/86400 * 24 -> 0 | I25: =IF( J24+G25-H25*(1/$E$11) < 0, 0, H25*(1/$E$11)) -> 0 | J25: =MAX(MIN(J24 + G24 - I24, $E$9), 0) -> 2000 | K25: =IF(J25<=0, 1, 0) -> 0
A26: 6 | B26: Jan | C26: 6 | D26: =$B$6 -> 8.5 | E26: =$E$4 * ($E$6)*D26 -> 11687.5 | F26: =E26*$E$7 -> 1753.125 | G26: =F26*$E$11 -> 1683 | H26: ='Ozone-Energy'!P16*10^6/86400 * 24 -> 274.12698 | I26: =IF( J25+G26-H26*(1/$E$11) < 0, 0, H26*(1/$E$11)) -> 285.54894 | J26: =MAX(MIN(J25 + G25 - I25, $E$9), 0) -> 2000 | K26: =IF(J26<=0, 1, 0) -> 0
A27: 7 | B27: Jan | C27: 7 | D27: =$B$6 -> 8.5 | E27: =$E$4 * ($E$6)*D27 -> 11687.5 | F27: =E27*$E$7 -> 1753.125 | G27: =F27*$E$11 -> 1683 | H27: ='Ozone-Energy'!P17*10^6/86400 * 24 -> 1118.4381 | I27: =IF( J26+G27-H27*(1/$E$11) < 0, 0, H27*(1/$E$11)) -> 1165.0397 | J27: =MAX(MIN(J26 + G26 - I26, $E$9), 0) -> 2000 | K27: =IF(J27<=0, 1, 0) -> 0
A28: 8 | B28: Jan | C28: 8 | D28: =$B$6 -> 8.5 | E28: =$E$4 * ($E$6)*D28 -> 11687.5 | F28: =E28*$E$7 -> 1753.125 | G28: =F28*$E$11 -> 1683 | H28: ='Ozone-Energy'!P18*10^6/86400 * 24 -> 1359.6698 | I28: =IF( J27+G28-H28*(1/$E$11) < 0, 0, H28*(1/$E$11)) -> 1416.3228 | J28: =MAX(MIN(J27 + G27 - I27, $E$9), 0) -> 2000 | K28: =IF(J28<=0, 1, 0) -> 0
A29: 9 | B29: Jan | C29: 9 | D29: =$B$6 -> 8.5 | E29: =$E$4 * ($E$6)*D29 -> 11687.5 | F29: =E29*$E$7 -> 1753.125 | G29: =F29*$E$11 -> 1683 | H29: ='Ozone-Energy'!P19*10^6/86400 * 24 -> 1864.0635 | I29: =IF( J28+G29-H29*(1/$E$11) < 0, 0, H29*(1/$E$11)) -> 1941.7328 | J29: =MAX(MIN(J28 + G28 - I28, $E$9), 0) -> 2000 | K29: =IF(J29<=0, 1, 0) -> 0
A30: 10 | B30: Jan | C30: 10 | D30: =$B$6 -> 8.5 | E30: =$E$4 * ($E$6)*D30 -> 11687.5 | F30: =E30*$E$7 -> 1753.125 | G30: =F30*$E$11 -> 1683 | H30: ='Ozone-Energy'!P20*10^6/86400 * 24 -> 2445.2127 | I30: =IF( J29+G30-H30*(1/$E$11) < 0, 0, H30*(1/$E$11)) -> 2547.0966 | J30: =MAX(MIN(J29 + G29 - I29, $E$9), 0) -> 1741.2672 | K30: =IF(J30<=0, 1, 0) -> 0
A31: 11 | B31: Jan | C31: 11 | D31: =$B$6 -> 8.5 | E31: =$E$4 * ($E$6)*D31 -> 11687.5 | F31: =E31*$E$7 -> 1753.125 | G31: =F31*$E$11 -> 1683 | H31: ='Ozone-Energy'!P21*10^6/86400 * 24 -> 789.48571 | I31: =IF( J30+G31-H31*(1/$E$11) < 0, 0, H31*(1/$E$11)) -> 822.38095 | J31: =MAX(MIN(J30 + G30 - I30, $E$9), 0) -> 877.17063 | K31: =IF(J31<=0, 1, 0) -> 0
A32: 12 | B32: Jan | C32: 12 | D32: =$B$6 -> 8.5 | E32: =$E$4 * ($E$6)*D32 -> 11687.5 | F32: =E32*$E$7 -> 1753.125 | G32: =F32*$E$11 -> 1683 | H32: ='Ozone-Energy'!P22*10^6/86400 * 24 -> 2752.2349 | I32: =IF( J31+G32-H32*(1/$E$11) < 0, 0, H32*(1/$E$11)) -> 0 | J32: =MAX(MIN(J31 + G31 - I31, $E$9), 0) -> 1737.7897 | K32: =IF(J32<=0, 1, 0) -> 0
A33: 13 | B33: Jan | C33: 13 | D33: =$B$6 -> 8.5 | E33: =$E$4 * ($E$6)*D33 -> 11687.5 | F33: =E33*$E$7 -> 1753.125 | G33: =F33*$E$11 -> 1683 | H33: ='Ozone-Energy'!P23*10^6/86400 * 24 -> 526.32381 | I33: =IF( J32+G33-H33*(1/$E$11) < 0, 0, H33*(1/$E$11)) -> 548.25397 | J33: =MAX(MIN(J32 + G32 - I32, $E$9), 0) -> 2000 | K33: =IF(J33<=0, 1, 0) -> 0
... A51: 31 | B51: Jan | C51: 31 | D51: =$B$6 -> 8.5 | E51: =$E$4 * ($E$6)*D51 -> 11687.5 | F51: =E51*$E$7 -> 1753.125 | G51: =F51*$E$11 -> 1683 | H51: ='Ozone-Energy'!P41*10^6/86400 * 24 -> 1342.546 | I51: =IF( J50+G51-H51*(1/$E$11) < 0, 0, H51*(1/$E$11)) -> 1398.4854 | J51: =MAX(MIN(J50 + G50 - I50, $E$9), 0) -> 2000 | K51: =IF(J51<=0, 1, 0) -> 0
A52: 32 | B52: Feb | C52: 1 | D52: 10 | E52: =$E$4 * ($E$6)*D52 -> 13750 | F52: =E52*$E$7 -> 2062.5 | G52: =F52*$E$11 -> 1980 | H52: ='Ozone-Energy'!P42*10^6/86400 * 24 -> 9286.9905 | I52: =IF( J51+G52-H52*(1/$E$11) < 0, 0, H52*(1/$E$11)) -> 0 | J52: =MAX(MIN(J51 + G51 - I51, $E$9), 0) -> 2000 | K52: =IF(J52<=0, 1, 0) -> 0
A53: 33 | B53: Feb | C53: 2 | D53: 10 | E53: =$E$4 * ($E$6)*D53 -> 13750 | F53: =E53*$E$7 -> 2062.5 | G53: =F53*$E$11 -> 1980 | H53: ='Ozone-Energy'!P43*10^6/86400 * 24 -> 1200 | I53: =IF( J52+G53-H53*(1/$E$11) < 0, 0, H53*(1/$E$11)) -> 1250 | J53: =MAX(MIN(J52 + G52 - I52, $E$9), 0) -> 2000 | K53: =IF(J53<=0, 1, 0) -> 0
A54: 34 | B54: Feb | C54: 3 | D54: 10 | E54: =$E$4 * ($E$6)*D54 -> 13750 | F54: =E54*$E$7 -> 2062.5 | G54: =F54*$E$11 -> 1980 | H54: ='Ozone-Energy'!P44*10^6/86400 * 24 -> 1200 | I54: =IF( J53+G54-H54*(1/$E$11) < 0, 0, H54*(1/$E$11)) -> 1250 | J54: =MAX(MIN(J53 + G53 - I53, $E$9), 0) -> 2000 | K54: =IF(J54<=0, 1, 0) -> 0
A55: 35 | B55: Feb | C55: 4 | D55: 10 | E55: =$E$4 * ($E$6)*D55 -> 13750 | F55: =E55*$E$7 -> 2062.5 | G55: =F55*$E$11 -> 1980 | H55: ='Ozone-Energy'!P45*10^6/86400 * 24 -> 1200 | I55: =IF( J54+G55-H55*(1/$E$11) < 0, 0, H55*(1/$E$11)) -> 1250 | J55: =MAX(MIN(J54 + G54 - I54, $E$9), 0) -> 2000 | K55: =IF(J55<=0, 1, 0) -> 0
A56: 36 | B56: Feb | C56: 5 | D56: 10 | E56: =$E$4 * ($E$6)*D56 -> 13750 | F56: =E56*$E$7 -> 2062.5 | G56: =F56*$E$11 -> 1980 | H56: ='Ozone-Energy'!P46*10^6/86400 * 24 -> 1200 | I56: =IF( J55+G56-H56*(1/$E$11) < 0, 0, H56*(1/$E$11)) -> 1250 | J56: =MAX(MIN(J55 + G55 - I55, $E$9), 0) -> 2000 | K56: =IF(J56<=0, 1, 0) -> 0
A57: 37 | B57: Feb | C57: 6 | D57: 10 | E57: =$E$4 * ($E$6)*D57 -> 13750 | F57: =E57*$E$7 -> 2062.5 | G57: =F57*$E$11 -> 1980 | H57: ='Ozone-Energy'!P47*10^6/86400 * 24 -> 1200 | I57: =IF( J56+G57-H57*(1/$E$11) < 0, 0, H57*(1/$E$11)) -> 1250 | J57: =MAX(MIN(J56 + G56 - I56, $E$9), 0) -> 2000 | K57: =IF(J57<=0, 1, 0) -> 0
A58: 38 | B58: Feb | C58: 7 | D58: 10 | E58: =$E$4 * ($E$6)*D58 -> 13750 | F58: =E58*$E$7 -> 2062.5 | G58: =F58*$E$11 -> 1980 | H58: ='Ozone-Energy'!P48*10^6/86400 * 24 -> 1200 | I58: =IF( J57+G58-H58*(1/$E$11) < 0, 0, H58*(1/$E$11)) -> 1250 | J58: =MAX(MIN(J57 + G57 - I57, $E$9), 0) -> 2000 | K58: =IF(J58<=0, 1, 0) -> 0
A59: 39 | B59: Feb | C59: 8 | D59: 10 | E59: =$E$4 * ($E$6)*D59 -> 13750 | F59: =E59*$E$7 -> 2062.5 | G59: =F59*$E$11 -> 1980 | H59: ='Ozone-Energy'!P49*10^6/86400 * 24 -> 1200 | I59: =IF( J58+G59-H59*(1/$E$11) < 0, 0, H59*(1/$E$11)) -> 1250 | J59: =MAX(MIN(J58 + G58 - I58, $E$9), 0) -> 2000 | K59: =IF(J59<=0, 1, 0) -> 0
A60: 40 | B60: Feb | C60: 9 | D60: 10 | E60: =$E$4 * ($E$6)*D60 -> 13750 | F60: =E60*$E$7 -> 2062.5 | G60: =F60*$E$11 -> 1980 | H60: ='Ozone-Energy'!P50*10^6/86400 * 24 -> 39146.648 | I60: =IF( J59+G60-H60*(1/$E$11) < 0, 0, H60*(1/$E$11)) -> 0 | J60: =MAX(MIN(J59 + G59 - I59, $E$9), 0) -> 2000 | K60: =IF(J60<=0, 1, 0) -> 0
A61: 41 | B61: Feb | C61: 10 | D61: 10 | E61: =$E$4 * ($E$6)*D61 -> 13750 | F61: =E61*$E$7 -> 2062.5 | G61: =F61*$E$11 -> 1980 | H61: ='Ozone-Energy'!P51*10^6/86400 * 24 -> 42879.105 | I61: =IF( J60+G61-H61*(1/$E$11) < 0, 0, H61*(1/$E$11)) -> 0 | J61: =MAX(MIN(J60 + G60 - I60, $E$9), 0) -> 2000 | K61: =IF(J61<=0, 1, 0) -> 0
A62: 42 | B62: Feb | C62: 11 | D62: 10 | E62: =$E$4 * ($E$6)*D62 -> 13750 | F62: =E62*$E$7 -> 2062.5 | G62: =F62*$E$11 -> 1980 | H62: ='Ozone-Energy'!P52*10^6/86400 * 24 -> 146143.75 | I62: =IF( J61+G62-H62*(1/$E$11) < 0, 0, H62*(1/$E$11)) -> 0 | J62: =MAX(MIN(J61 + G61 - I61, $E$9), 0) -> 2000 | K62: =IF(J62<=0, 1, 0) -> 0
A63: 43 | B63: Feb | C63: 12 | D63: 10 | E63: =$E$4 * ($E$6)*D63 -> 13750 | F63: =E63*$E$7 -> 2062.5 | G63: =F63*$E$11 -> 1980 | H63: ='Ozone-Energy'!P53*10^6/86400 * 24 -> 53454.4 | I63: =IF( J62+G63-H63*(1/$E$11) < 0, 0, H63*(1/$E$11)) -> 0 | J63: =MAX(MIN(J62 + G62 - I62, $E$9), 0) -> 2000 | K63: =IF(J63<=0, 1, 0) -> 0
... A385: 365 | B385: Dec | C385: 31 | D385: 8.25 | E385: =$E$4 * ($E$6)*D385 -> 11343.75 | F385: =E385*$E$7 -> 1701.5625 | G385: =F385*$E$11 -> 1633.5 | H385: ='Ozone-Energy'!P375*10^6/86400 * 24 -> 1200 | I385: =IF( J384+G385-H385*(1/$E$11) < 0, 0, H385*(1/$E$11)) -> 1250 | J385: =MAX(MIN(J384 + G384 - I384, $E$9), 0) -> 2000 | K385: =IF(J385<=0, 1, 0) -> 0
E386: =$E$4 * ($E$6)*D386 -> 0 | F386: =E386*$E$7 -> 0 | G386: =F386*$E$11 -> 0 | H386: ='Ozone-Energy'!P376*10^6/86400 * 24 -> 0 | I386: =IF( J385+G386-H386*(1/$E$11) < 0, 0, H386*(1/$E$11)) -> 0 | J386: =MAX(MIN(J385 + G385 - I385, $E$9), 0) -> 2000 | K386: =IF(J386<=0, 1, 0) -> 0

Sheet Maintainance
A1: Loss coefficient | B1: k
A2: Pressure from storage
A3: Consumption | B3: ='Organized Input Output'!D14 -> 745
B6: Filter Settings | C6: Filter size | D6: Present? | E6: Cf Pa/(m/s) | F6: Actual filter life (L) | G6: Filter Life Data (L) | J6: Filter location (B or A) | M6: Total Filter Mantinence Days
G7: No pre filter | H7: 5 um pre | I7: 200 um pre | M7: =SUM(I17:I390) -> 14
C8: 1 um filter | D8: ='Organized Input Output'!R7 -> y | E8: ='Organized Input Output'!S7 -> 2295.081 | F8: ='Organized Input Output'!T7 -> 20000 | G8: ='Organized Input Output'!U7 -> 5000 | H8: ='Organized Input Output'!V7 -> 20000 | I8: ='Organized Input Output'!W7 -> 15000
C9: 5 um filter | D9: ='Organized Input Output'!R8 -> y | E9: ='Organized Input Output'!S8 -> 1144.7919 | F9: ='Organized Input Output'!T8 -> 20000 | G9: ='Organized Input Output'!U8 -> 10000 | I9: ='Organized Input Output'!W8 -> 20000
C10: 200 um filter | D10: ='Organized Input Output'!R9 -> y | E10: ='Organized Input Output'!S9 -> 57.30831 | F10: ='Organized Input Output'!T9 -> 20000 | G10: ='Organized Input Output'!U9 -> 20000
C11: Total | E11: ='Organized Input Output'!S10 -> 3497.1812
G15: Maintainance | P15: Maintenance required for 4000 Watt Diesel Generator
B16: day | C16: 1um filter | D16: 5um filter | E16: 200um filter | F16: 1um | G16: 5um filter | H16: 200um filter | I16: days of operation
B17: 1 | C17: =B3 -> 745 | D17: =IF(D9 = "y", C17, 0) -> 745 | E17: =IF(D10 = "y", C17, 0) -> 745 | I17: =IF(SUM(F17:H17)>0,1,"") | J17: =IF(SUM(G17:I17)>0,J17+1,"") | P17: Oil change and maintenance operation required every 250 hours
B18: 2 | C18: =IF(C17+$B$3>$F$8,$B$3,C17+$B$3) -> 1490 | D18: =IF($D$17 = 0, 0, IF(D17+$B$3>$F$9,$B$3,D17+$B$3)) -> 1490 | E18: =IF($E$17 = 0, 0, IF(E17+$B$3>$F$10,$B$3,E17+$B$3)) -> 1490 | F18: =IF((C18=$B$3),1,0) -> 0 | G18: =IF((D18=$B$3),1,0) -> 0 | H18: =IF((E18=$B$3),1,0) -> 0 | I18: =IF(SUM(F18:H18)>0,1,"") | P18: Refuelling (maintenance operation) every 100 L of diesel consumed
B19: 3 | C19: =IF(C18+$B$3>$F$8,$B$3,C18+$B$3) -> 2235 | D19: =IF($D$17 = 0, 0, IF(D18+$B$3>$F$9,$B$3,D18+$B$3)) -> 2235 | E19: =IF($E$17 = 0, 0, IF(E18+$B$3>$F$10,$B$3,E18+$B$3)) -> 2235 | F19: =IF((C19=$B$3),1,0) -> 0 | G19: =IF((D19=$B$3),1,0) -> 0 | H19: =IF((E19=$B$3),1,0) -> 0 | I19: =IF(SUM(F19:H19)>0,1,"")
B20: 4 | C20: =IF(C19+$B$3>$F$8,$B$3,C19+$B$3) -> 2980 | D20: =IF($D$17 = 0, 0, IF(D19+$B$3>$F$9,$B$3,D19+$B$3)) -> 2980 | E20: =IF($E$17 = 0, 0, IF(E19+$B$3>$F$10,$B$3,E19+$B$3)) -> 2980 | F20: =IF((C20=$B$3),1,0) -> 0 | G20: =IF((D20=$B$3),1,0) -> 0 | H20: =IF((E20=$B$3),1,0) -> 0 | I20: =IF(SUM(F20:H20)>0,1,"")
B21: 5 | C21: =IF(C20+$B$3>$F$8,$B$3,C20+$B$3) -> 3725 | D21: =IF($D$17 = 0, 0, IF(D20+$B$3>$F$9,$B$3,D20+$B$3)) -> 3725 | E21: =IF($E$17 = 0, 0, IF(E20+$B$3>$F$10,$B$3,E20+$B$3)) -> 3725 | F21: =IF((C21=$B$3),1,0) -> 0 | G21: =IF((D21=$B$3),1,0) -> 0 | H21: =IF((E21=$B$3),1,0) -> 0 | I21: =IF(SUM(F21:H21)>0,1,"")
B22: 6 | C22: =IF(C21+$B$3>$F$8,$B$3,C21+$B$3) -> 4470 | D22: =IF($D$17 = 0, 0, IF(D21+$B$3>$F$9,$B$3,D21+$B$3)) -> 4470 | E22: =IF($E$17 = 0, 0, IF(E21+$B$3>$F$10,$B$3,E21+$B$3)) -> 4470 | F22: =IF((C22=$B$3),1,0) -> 0 | G22: =IF((D22=$B$3),1,0) -> 0 | H22: =IF((E22=$B$3),1,0) -> 0 | I22: =IF(SUM(F22:H22)>0,1,"")
B23: 7 | C23: =IF(C22+$B$3>$F$8,$B$3,C22+$B$3) -> 5215 | D23: =IF($D$17 = 0, 0, IF(D22+$B$3>$F$9,$B$3,D22+$B$3)) -> 5215 | E23: =IF($E$17 = 0, 0, IF(E22+$B$3>$F$10,$B$3,E22+$B$3)) -> 5215 | F23: =IF((C23=$B$3),1,0) -> 0 | G23: =IF((D23=$B$3),1,0) -> 0 | H23: =IF((E23=$B$3),1,0) -> 0 | I23: =IF(SUM(F23:H23)>0,1,"")
B24: 8 | C24: =IF(C23+$B$3>$F$8,$B$3,C23+$B$3) -> 5960 | D24: =IF($D$17 = 0, 0, IF(D23+$B$3>$F$9,$B$3,D23+$B$3)) -> 5960 | E24: =IF($E$17 = 0, 0, IF(E23+$B$3>$F$10,$B$3,E23+$B$3)) -> 5960 | F24: =IF((C24=$B$3),1,0) -> 0 | G24: =IF((D24=$B$3),1,0) -> 0 | H24: =IF((E24=$B$3),1,0) -> 0 | I24: =IF(SUM(F24:H24)>0,1,"")
B25: 9 | C25: =IF(C24+$B$3>$F$8,$B$3,C24+$B$3) -> 6705 | D25: =IF($D$17 = 0, 0, IF(D24+$B$3>$F$9,$B$3,D24+$B$3)) -> 6705 | E25: =IF($E$17 = 0, 0, IF(E24+$B$3>$F$10,$B$3,E24+$B$3)) -> 6705 | F25: =IF((C25=$B$3),1,0) -> 0 | G25: =IF((D25=$B$3),1,0) -> 0 | H25: =IF((E25=$B$3),1,0) -> 0 | I25: =IF(SUM(F25:H25)>0,1,"")
B26: 10 | C26: =IF(C25+$B$3>$F$8,$B$3,C25+$B$3) -> 7450 | D26: =IF($D$17 = 0, 0, IF(D25+$B$3>$F$9,$B$3,D25+$B$3)) -> 7450 | E26: =IF($E$17 = 0, 0, IF(E25+$B$3>$F$10,$B$3,E25+$B$3)) -> 7450 | F26: =IF((C26=$B$3),1,0) -> 0 | G26: =IF((D26=$B$3),1,0) -> 0 | H26: =IF((E26=$B$3),1,0) -> 0 | I26: =IF(SUM(F26:H26)>0,1,"")
B27: 11 | C27: =IF(C26+$B$3>$F$8,$B$3,C26+$B$3) -> 8195 | D27: =IF($D$17 = 0, 0, IF(D26+$B$3>$F$9,$B$3,D26+$B$3)) -> 8195 | E27: =IF($E$17 = 0, 0, IF(E26+$B$3>$F$10,$B$3,E26+$B$3)) -> 8195 | F27: =IF((C27=$B$3),1,0) -> 0 | G27: =IF((D27=$B$3),1,0) -> 0 | H27: =IF((E27=$B$3),1,0) -> 0 | I27: =IF(SUM(F27:H27)>0,1,"")
B28: 12 | C28: =IF(C27+$B$3>$F$8,$B$3,C27+$B$3) -> 8940 | D28: =IF($D$17 = 0, 0, IF(D27+$B$3>$F$9,$B$3,D27+$B$3)) -> 8940 | E28: =IF($E$17 = 0, 0, IF(E27+$B$3>$F$10,$B$3,E27+$B$3)) -> 8940 | F28: =IF((C28=$B$3),1,0) -> 0 | G28: =IF((D28=$B$3),1,0) -> 0 | H28: =IF((E28=$B$3),1,0) -> 0 | I28: =IF(SUM(F28:H28)>0,1,"")
B29: 13 | C29: =IF(C28+$B$3>$F$8,$B$3,C28+$B$3) -> 9685 | D29: =IF($D$17 = 0, 0, IF(D28+$B$3>$F$9,$B$3,D28+$B$3)) -> 9685 | E29: =IF($E$17 = 0, 0, IF(E28+$B$3>$F$10,$B$3,E28+$B$3)) -> 9685 | F29: =IF((C29=$B$3),1,0) -> 0 | G29: =IF((D29=$B$3),1,0) -> 0 | H29: =IF((E29=$B$3),1,0) -> 0 | I29: =IF(SUM(F29:H29)>0,1,"")
B30: 14 | C30: =IF(C29+$B$3>$F$8,$B$3,C29+$B$3) -> 10430 | D30: =IF($D$17 = 0, 0, IF(D29+$B$3>$F$9,$B$3,D29+$B$3)) -> 10430 | E30: =IF($E$17 = 0, 0, IF(E29+$B$3>$F$10,$B$3,E29+$B$3)) -> 10430 | F30: =IF((C30=$B$3),1,0) -> 0 | G30: =IF((D30=$B$3),1,0) -> 0 | H30: =IF((E30=$B$3),1,0) -> 0 | I30: =IF(SUM(F30:H30)>0,1,"")
... B381: 365 | C381: =IF(C380+$B$3>$F$8,$B$3,C380+$B$3) -> 745 | D381: =IF($D$17 = 0, 0, IF(D380+$B$3>$F$9,$B$3,D380+$B$3)) -> 745 | E381: =IF($E$17 = 0, 0, IF(E380+$B$3>$F$10,$B$3,E380+$B$3)) -> 745 | F381: =IF((C381=$B$3),1,0) -> 1 | G381: =IF((D381=$B$3),1,0) -> 1 | H381: =IF((E381=$B$3),1,0) -> 1 | I381: =IF(SUM(F381:H381)>0,1,"") -> 1

Sheet Greenhouse Gases
A1: Greenhouse Gases Emission
B3: Parameters | C3: Daily Water Usage | D3: ='Organized Input Output'!D14 -> 745 | E3: L/day | G3: Constants | H3: Treatment for Water | I3: 0.1 | J3: kgCO2e/1000L
C4: Years | D4: 5 | E4: years | H4: Diesel emission | I4: 3.25 | J4: kgCO2e / L diesel
C5: Diesel Used | D5: ='Ozone-Energy'!Q5 -> 0 | E5: L | H5: Transport | I5: 6.4 | J5: kgCO2e/1000L
C6: Generator Manufacturing | D6: 1250 | E6: kgCO2e | H6: Storage & Distribution | I6: 2408 | J6: kgCO2e
C7: Battery Manufacturing | D7: 240 | E7: kgCO2e
B9: Total Water | C9: Existing GHG | D9: Diesel GHG | E9: Power System | F9: Proposed GHG | G9: Relative (in %)
B10: =D$3*365*D$4 -> 1359625 | C10: =B10*(0.1+6.4)/1000+2408 -> 11245.562 | D10: =($D$5*5)*$I$4 -> 0 | E10: =$D$6+$D$7+D10 -> 1490 | F10: =E10+$I$6 -> 3898 | G10: =F10/C10*100 -> 34.662561

Sheet Weather Data
A1: RWH Input-Output Data
A2: Team J-9
A3: Station 3 - 2013 | D3: Station 2 - 2015 | G3: Station 1 - 2015 | J3: Station 1 - 2014
A4: Date days starting on Jan 1 2013 | B4: Daily Rainfall (mm) | D4: Date days starting on Jan 1 2015 | E4: Daily Rainfall (mm) | G4: Date days starting on Jan 1 2015 | H4: Daily Rainfall (mm) | J4: Date days starting on Jan 1 2014 | K4: Daily Rainfall (mm)
A5: 1 | B5: 0 | D5: 1 | E5: 0 | G5: 1 | H5: 7.8 | J5: 1 | K5: 18.8
A6: 2 | B6: 0 | D6: 2 | E6: 1.4 | G6: 2 | H6: 1 | J6: 2 | K6: 19.8
A7: 3 | B7: 0 | D7: 3 | E7: 7.8 | G7: 3 | H7: 13.4 | J7: 3 | K7: 0
A8: 4 | B8: 0 | D8: 4 | E8: 29.6 | G8: 4 | H8: 64.2 | J8: 4 | K8: 0
A9: 5 | B9: 4.4 | D9: 5 | E9: 6 | G9: 5 | H9: 32.2 | J9: 5 | K9: 0
A10: 6 | B10: 5.6 | D10: 6 | E10: 0 | G10: 6 | H10: 2.8 | J10: 6 | K10: 5
A11: 7 | B11: 5 | D11: 7 | E11: 0 | G11: 7 | H11: 0 | J11: 7 | K11: 20.4
A12: 8 | B12: 2.6 | D12: 8 | E12: 0 | G12: 8 | H12: 0 | J12: 8 | K12: 24.8
A13: 9 | B13: 0.2 | D13: 9 | E13: 1 | G13: 9 | H13: 0.8 | J13: 9 | K13: 34
A14: 10 | B14: 0 | D14: 10 | E14: 0.6 | G14: 10 | H14: 0 | J14: 10 | K14: 44.6
A15: 11 | B15: 0 | D15: 11 | E15: 1.6 | G15: 11 | H15: 0 | J15: 11 | K15: 14.4
A16: 12 | B16: 0 | D16: 12 | E16: 0 | G16: 12 | H16: 0 | J16: 12 | K16: 50.2
... A369: 365 | B369: 0.2 | D369: 365 | E369: 0 | G369: 365 | H369: 0 | J369: 365 | K369: 0

Sheet Studio Rain System
A1: RWH Input-Output Data
A2: Team J-9
A3: RED IS INPUT ONLY, TYPE NEW VALUES INTO RED
A5: Parameter | B5: Value | C5: Units | M5: Month
A6: Tank Parameters | M6: [-]
A7: Catchment Area | B7: ='Organized Input Output'!J7 -> 1100 | C7: m^2 | M7: Jan
A8: V_tank | B8: ='Organized Input Output'!H9 -> 20 | C8: m^3 | M8: Feb
A9: V_initial | B9: 0 | C9: m^3 | M9: Mar
A10: Consumption Parameters | G10: Number of Days | M10: Apr
A11: Consumption | B11: ='Organized Input Output'!D14 -> 745 | C11: L/day | D11: =B11/1000 -> 0.745 | E11: m^3/day | G11: 365 | J11: Max volume collected in one day | M11: May
A12: C_min | B12: 136 | C12: L/day | D12: =B12/1000 -> 0.136 | E12: m^3/day | G12: Number of Shipped Water Days | J12: =MAX(L23:L387) -> 20.68 | M12: Jun
A13: C_max | B13: 601 | C13: L/day | D13: =B13/1000 -> 0.601 | E13: m^3/day | G13: =COUNTIF(L54:L387, 0)+'Solar Energy Model'!M20 -> 9 | M13: Jul
M14: Aug
M15: Sep
M16: Oct
M17: Nov
M18: Dec
I20: Weather Data | U20: Station 2 - 2015 | AH20: Station 1 - 2015 | AT20: Station 1 - 2014
H21: Day | I21: Month | J21: Rainfall [mm] | K21: Q_in [m^3/day] | L21: V_water [m^3] | M21: Q_out [m^3/day] | N21: Q_out [m^3/day] | T21: Day | U21: Month | V21: Rainfall [mm] | W21: Q_in [m^3/day] | X21: V_water [m^3] | Y21: Q_out [m^3/day] | AG21: Day | AH21: Month | AI21: Rainfall [mm] | AJ21: Q_in [m^3/day] | AK21: V_water [m^3] | AL21: Q_out [m^3/day] | AS21: Day | AT21: Month | AU21: Rainfall [mm] | AV21: Q_in [m^3/day] | AW21: V_water [m^3] | AX21: Q_out [m^3/day]
H23: 1 | I23: Jan | J23: ='Organized Input Output'!D18 -> 18.8 | K23: =(J23/1000)*$B$7 -> 20.68 | L23: =K23 -> 20.68 | M23: =IF(I23="Jan", 0, MIN(L23, D11)) -> 0 | T23: 1 | U23: Jan | V23: 0 | W23: =(V23/1000)*$B$7 -> 0 | X23: =IF(MAX(0,MIN($B$8,X22 + W23 - $D$11))>$B$8, $B$8, MAX(0,MIN($B$8,X22 + W23 - $D$11))) -> 0 | Y23: =IF(ISNUMBER(MATCH($M$7, U23:U387, 0)), 0, MAX(0, X23-(W23*24))) -> 0 | AG23: 1 | AH23: Jan | AI23: 7.8 | AJ23: =(AI23/1000)*$B$7 -> 8.58 | AK23: =IF(MAX(0,MIN($B$8,AK22 + AJ23 - $D$11))>$B$8, $B$8, MAX(0,MIN($B$8,AK22 + AJ23 - $D$11))) -> 7.835 | AL23: =IF(ISNUMBER(MATCH($M$7, AH23:AH386, 0)), 0, MAX(0, AK23-(AJ23*24))) -> 0 | AS23: 1 | AT23: Jan | AU23: 18.8 | AV23: =(AU23/1000)*$B$7 -> 20.68 | AW23: =IF(MAX(0,MIN($B$8,AW22 + AV23 - $D$11))>$B$8, $B$8, MAX(0,MIN($B$8,AW22 + AV23 - $D$11))) -> 19.935 | AX23: =IF(ISNUMBER(MATCH($M$7, AT23:AT386, 0)), 0, MAX(0, (AW23-(AV23*24)))) -> 0
H24: =H23+1 -> 2 | I24: Jan | J24: ='Organized Input Output'!D19 -> 19.8 | K24: =(J24/1000)*$B$7 -> 21.78 | L24: =MAX(0, IF(I23 = "Jan", MIN($B$8, K24 + L23), MIN($B$8, L23 + K24 - $D$11))) -> 20 | M24: =IF(I24="Jan", 0, MIN(L24, D12)) -> 0 | T24: =T23+1 -> 2 | U24: Jan | V24: 1.4 | W24: =(V24/1000)*$B$7 -> 1.54 | X24: =IF(MAX(0,MIN($B$8,X23 + W24 - $D$11))>$B$8, $B$8, MAX(0,MIN($B$8,X23 + W24 - $D$11))) -> 0.795 | Y24: =IF(ISNUMBER(MATCH($M$7, U24:U388, 0)), 0, MAX(0, X24-(W24*24))) -> 0 | AG24: =AG23+1 -> 2 | AH24: Jan | AI24: 1 | AJ24: =(AI24/1000)*$B$7 -> 1.1 | AK24: =IF(MAX(0,MIN($B$8,AK23 + AJ24 - $D$11))>$B$8, $B$8, MAX(0,MIN($B$8,AK23 + AJ24 - $D$11))) -> 8.19 | AL24: =IF(ISNUMBER(MATCH($M$7, AH24:AH387, 0)), 0, MAX(0, AK24-(AJ24*24))) -> 0 | AS24: =AS23+1 -> 2 | AT24: Jan | AU24: 19.8 | AV24: =(AU24/1000)*$B$7 -> 21.78 | AW24: =IF(MAX(0,MIN($B$8,AW23 + AV24 - $D$11))>$B$8, $B$8, MAX(0,MIN($B$8,AW23 + AV24 - $D$11))) -> 20 | AX24: =IF(ISNUMBER(MATCH($M$7, AT24:AT387, 0)), 0, MAX(0, (AW24-(AV24*24)))) -> 0
H25: =H24+1 -> 3 | I25: Jan | J25: ='Organized Input Output'!D20 -> 0 | K25: =(J25/1000)*$B$7 -> 0 | L25: =MAX(0, IF(I24 = "Jan", MIN($B$8, K25 + L24), MIN($B$8, L24 + K25 - $D$11))) -> 20 | M25: =IF(I25="Jan", 0, MIN(L25, D13)) -> 0 | T25: =T24+1 -> 3 | U25: Jan | V25: 7.8 | W25: =(V25/1000)*$B$7 -> 8.58 | X25: =IF(MAX(0,MIN($B$8,X24 + W25 - $D$11))>$B$8, $B$8, MAX(0,MIN($B$8,X24 + W25 - $D$11))) -> 8.63 | Y25: =IF(ISNUMBER(MATCH($M$7, U25:U389, 0)), 0, MAX(0, X25-(W25*24))) -> 0 | AG25: =AG24+1 -> 3 | AH25: Jan | AI25: 13.4 | AJ25: =(AI25/1000)*$B$7 -> 14.74 | AK25: =IF(MAX(0,MIN($B$8,AK24 + AJ25 - $D$11))>$B$8, $B$8, MAX(0,MIN($B$8,AK24 + AJ25 - $D$11))) -> 20 | AL25: =IF(ISNUMBER(MATCH($M$7, AH25:AH388, 0)), 0, MAX(0, AK25-(AJ25*24))) -> 0 | AS25: =AS24+1 -> 3 | AT25: Jan | AU25: 0 | AV25: =(AU25/1000)*$B$7 -> 0 | AW25: =IF(MAX(0,MIN($B$8,AW24 + AV25 - $D$11))>$B$8, $B$8, MAX(0,MIN($B$8,AW24 + AV25 - $D$11))) -> 19.255 | AX25: =IF(ISNUMBER(MATCH($M$7, AT25:AT388, 0)), 0, MAX(0, (AW25-(AV25*24)))) -> 0
H26: =H25+1 -> 4 | I26: Jan | J26: ='Organized Input Output'!D21 -> 0 | K26: =(J26/1000)*$B$7 -> 0 | L26: =MAX(0, IF(I25 = "Jan", MIN($B$8, K26 + L25), MIN($B$8, L25 + K26 - $D$11))) -> 20 | M26: =IF(I26="Jan", 0, MIN(L26, D14)) -> 0 | T26: =T25+1 -> 4 | U26: Jan | V26: 29.6 | W26: =(V26/1000)*$B$7 -> 32.56 | X26: =IF(MAX(0,MIN($B$8,X25 + W26 - $D$11))>$B$8, $B$8, MAX(0,MIN($B$8,X25 + W26 - $D$11))) -> 20 | Y26: =IF(ISNUMBER(MATCH($M$7, U26:U390, 0)), 0, MAX(0, X26-(W26*24))) -> 0 | AG26: =AG25+1 -> 4 | AH26: Jan | AI26: 64.2 | AJ26: =(AI26/1000)*$B$7 -> 70.62 | AK26: =IF(MAX(0,MIN($B$8,AK25 + AJ26 - $D$11))>$B$8, $B$8, MAX(0,MIN($B$8,AK25 + AJ26 - $D$11))) -> 20 | AL26: =IF(ISNUMBER(MATCH($M$7, AH26:AH389, 0)), 0, MAX(0, AK26-(AJ26*24))) -> 0 | AS26: =AS25+1 -> 4 | AT26: Jan | AU26: 0 | AV26: =(AU26/1000)*$B$7 -> 0 | AW26: =IF(MAX(0,MIN($B$8,AW25 + AV26 - $D$11))>$B$8, $B$8, MAX(0,MIN($B$8,AW25 + AV26 - $D$11))) -> 18.51 | AX26: =IF(ISNUMBER(MATCH($M$7, AT26:AT389, 0)), 0, MAX(0, (AW26-(AV26*24)))) -> 0
H27: =H26+1 -> 5 | I27: Jan | J27: ='Organized Input Output'!D22 -> 0 | K27: =(J27/1000)*$B$7 -> 0 | L27: =MAX(0, IF(I26 = "Jan", MIN($B$8, K27 + L26), MIN($B$8, L26 + K27 - $D$11))) -> 20 | M27: =IF(I27="Jan", 0, MIN(L27, D15)) -> 0 | T27: =T26+1 -> 5 | U27: Jan | V27: 6 | W27: =(V27/1000)*$B$7 -> 6.6 | X27: =IF(MAX(0,MIN($B$8,X26 + W27 - $D$11))>$B$8, $B$8, MAX(0,MIN($B$8,X26 + W27 - $D$11))) -> 20 | Y27: =IF(ISNUMBER(MATCH($M$7, U27:U391, 0)), 0, MAX(0, X27-(W27*24))) -> 0 | AG27: =AG26+1 -> 5 | AH27: Jan | AI27: 32.2 | AJ27: =(AI27/1000)*$B$7 -> 35.42 | AK27: =IF(MAX(0,MIN($B$8,AK26 + AJ27 - $D$11))>$B$8, $B$8, MAX(0,MIN($B$8,AK26 + AJ27 - $D$11))) -> 20 | AL27: =IF(ISNUMBER(MATCH($M$7, AH27:AH390, 0)), 0, MAX(0, AK27-(AJ27*24))) -> 0 | AS27: =AS26+1 -> 5 | AT27: Jan | AU27: 0 | AV27: =(AU27/1000)*$B$7 -> 0 | AW27: =IF(MAX(0,MIN($B$8,AW26 + AV27 - $D$11))>$B$8, $B$8, MAX(0,MIN($B$8,AW26 + AV27 - $D$11))) -> 17.765 | AX27: =IF(ISNUMBER(MATCH($M$7, AT27:AT390, 0)), 0, MAX(0, (AW27-(AV27*24)))) -> 0
H28: =H27+1 -> 6 | I28: Jan | J28: ='Organized Input Output'!D23 -> 5 | K28: =(J28/1000)*$B$7 -> 5.5 | L28: =MAX(0, IF(I27 = "Jan", MIN($B$8, K28 + L27), MIN($B$8, L27 + K28 - $D$11))) -> 20 | M28: =IF(I28="Jan", 0, MIN(L28, D16)) -> 0 | T28: =T27+1 -> 6 | U28: Jan | V28: 0 | W28: =(V28/1000)*$B$7 -> 0 | X28: =IF(MAX(0,MIN($B$8,X27 + W28 - $D$11))>$B$8, $B$8, MAX(0,MIN($B$8,X27 + W28 - $D$11))) -> 19.255 | Y28: =IF(ISNUMBER(MATCH($M$7, U28:U392, 0)), 0, MAX(0, X28-(W28*24))) -> 0 | AG28: =AG27+1 -> 6 | AH28: Jan | AI28: 2.8 | AJ28: =(AI28/1000)*$B$7 -> 3.08 | AK28: =IF(MAX(0,MIN($B$8,AK27 + AJ28 - $D$11))>$B$8, $B$8, MAX(0,MIN($B$8,AK27 + AJ28 - $D$11))) -> 20 | AL28: =IF(ISNUMBER(MATCH($M$7, AH28:AH391, 0)), 0, MAX(0, AK28-(AJ28*24))) -> 0 | AS28: =AS27+1 -> 6 | AT28: Jan | AU28: 5 | AV28: =(AU28/1000)*$B$7 -> 5.5 | AW28: =IF(MAX(0,MIN($B$8,AW27 + AV28 - $D$11))>$B$8, $B$8, MAX(0,MIN($B$8,AW27 + AV28 - $D$11))) -> 20 | AX28: =IF(ISNUMBER(MATCH($M$7, AT28:AT391, 0)), 0, MAX(0, (AW28-(AV28*24)))) -> 0
H29: =H28+1 -> 7 | I29: Jan | J29: ='Organized Input Output'!D24 -> 20.4 | K29: =(J29/1000)*$B$7 -> 22.44 | L29: =MAX(0, IF(I28 = "Jan", MIN($B$8, K29 + L28), MIN($B$8, L28 + K29 - $D$11))) -> 20 | M29: =IF(I29="Jan", 0, MIN(L29, D17)) -> 0 | T29: =T28+1 -> 7 | U29: Jan | V29: 0 | W29: =(V29/1000)*$B$7 -> 0 | X29: =IF(MAX(0,MIN($B$8,X28 + W29 - $D$11))>$B$8, $B$8, MAX(0,MIN($B$8,X28 + W29 - $D$11))) -> 18.51 | Y29: =IF(ISNUMBER(MATCH($M$7, U29:U393, 0)), 0, MAX(0, X29-(W29*24))) -> 0 | AG29: =AG28+1 -> 7 | AH29: Jan | AI29: 0 | AJ29: =(AI29/1000)*$B$7 -> 0 | AK29: =IF(MAX(0,MIN($B$8,AK28 + AJ29 - $D$11))>$B$8, $B$8, MAX(0,MIN($B$8,AK28 + AJ29 - $D$11))) -> 19.255 | AL29: =IF(ISNUMBER(MATCH($M$7, AH29:AH392, 0)), 0, MAX(0, AK29-(AJ29*24))) -> 0 | AS29: =AS28+1 -> 7 | AT29: Jan | AU29: 20.4 | AV29: =(AU29/1000)*$B$7 -> 22.44 | AW29: =IF(MAX(0,MIN($B$8,AW28 + AV29 - $D$11))>$B$8, $B$8, MAX(0,MIN($B$8,AW28 + AV29 - $D$11))) -> 20 | AX29: =IF(ISNUMBER(MATCH($M$7, AT29:AT392, 0)), 0, MAX(0, (AW29-(AV29*24)))) -> 0
H30: =H29+1 -> 8 | I30: Jan | J30: ='Organized Input Output'!D25 -> 24.8 | K30: =(J30/1000)*$B$7 -> 27.28 | L30: =MAX(0, IF(I29 = "Jan", MIN($B$8, K30 + L29), MIN($B$8, L29 + K30 - $D$11))) -> 20 | M30: =IF(I30="Jan", 0, MIN(L30, D18)) -> 0 | T30: =T29+1 -> 8 | U30: Jan | V30: 0 | W30: =(V30/1000)*$B$7 -> 0 | X30: =IF(MAX(0,MIN($B$8,X29 + W30 - $D$11))>$B$8, $B$8, MAX(0,MIN($B$8,X29 + W30 - $D$11))) -> 17.765 | Y30: =IF(ISNUMBER(MATCH($M$7, U30:U394, 0)), 0, MAX(0, X30-(W30*24))) -> 0 | AG30: =AG29+1 -> 8 | AH30: Jan | AI30: 0 | AJ30: =(AI30/1000)*$B$7 -> 0 | AK30: =IF(MAX(0,MIN($B$8,AK29 + AJ30 - $D$11))>$B$8, $B$8, MAX(0,MIN($B$8,AK29 + AJ30 - $D$11))) -> 18.51 | AL30: =IF(ISNUMBER(MATCH($M$7, AH30:AH393, 0)), 0, MAX(0, AK30-(AJ30*24))) -> 0 | AS30: =AS29+1 -> 8 | AT30: Jan | AU30: 24.8 | AV30: =(AU30/1000)*$B$7 -> 27.28 | AW30: =IF(MAX(0,MIN($B$8,AW29 + AV30 - $D$11))>$B$8, $B$8, MAX(0,MIN($B$8,AW29 + AV30 - $D$11))) -> 20 | AX30: =IF(ISNUMBER(MATCH($M$7, AT30:AT393, 0)), 0, MAX(0, (AW30-(AV30*24)))) -> 0
H31: =H30+1 -> 9 | I31: Jan | J31: ='Organized Input Output'!D26 -> 34 | K31: =(J31/1000)*$B$7 -> 37.4 | L31: =MAX(0, IF(I30 = "Jan", MIN($B$8, K31 + L30), MIN($B$8, L30 + K31 - $D$11))) -> 20 | M31: =IF(I31="Jan", 0, MIN(L31, D19)) -> 0 | T31: =T30+1 -> 9 | U31: Jan | V31: 1 | W31: =(V31/1000)*$B$7 -> 1.1 | X31: =IF(MAX(0,MIN($B$8,X30 + W31 - $D$11))>$B$8, $B$8, MAX(0,MIN($B$8,X30 + W31 - $D$11))) -> 18.12 | Y31: =IF(ISNUMBER(MATCH($M$7, U31:U395, 0)), 0, MAX(0, X31-(W31*24))) -> 0 | AG31: =AG30+1 -> 9 | AH31: Jan | AI31: 0.8 | AJ31: =(AI31/1000)*$B$7 -> 0.88 | AK31: =IF(MAX(0,MIN($B$8,AK30 + AJ31 - $D$11))>$B$8, $B$8, MAX(0,MIN($B$8,AK30 + AJ31 - $D$11))) -> 18.645 | AL31: =IF(ISNUMBER(MATCH($M$7, AH31:AH394, 0)), 0, MAX(0, AK31-(AJ31*24))) -> 0 | AS31: =AS30+1 -> 9 | AT31: Jan | AU31: 34 | AV31: =(AU31/1000)*$B$7 -> 37.4 | AW31: =IF(MAX(0,MIN($B$8,AW30 + AV31 - $D$11))>$B$8, $B$8, MAX(0,MIN($B$8,AW30 + AV31 - $D$11))) -> 20 | AX31: =IF(ISNUMBER(MATCH($M$7, AT31:AT394, 0)), 0, MAX(0, (AW31-(AV31*24)))) -> 0
H32: =H31+1 -> 10 | I32: Jan | J32: ='Organized Input Output'!D27 -> 44.6 | K32: =(J32/1000)*$B$7 -> 49.06 | L32: =MAX(0, IF(I31 = "Jan", MIN($B$8, K32 + L31), MIN($B$8, L31 + K32 - $D$11))) -> 20 | M32: =IF(I32="Jan", 0, MIN(L32, D20)) -> 0 | T32: =T31+1 -> 10 | U32: Jan | V32: 0.6 | W32: =(V32/1000)*$B$7 -> 0.66 | X32: =IF(MAX(0,MIN($B$8,X31 + W32 - $D$11))>$B$8, $B$8, MAX(0,MIN($B$8,X31 + W32 - $D$11))) -> 18.035 | Y32: =IF(ISNUMBER(MATCH($M$7, U32:U396, 0)), 0, MAX(0, X32-(W32*24))) -> 0 | AG32: =AG31+1 -> 10 | AH32: Jan | AI32: 0 | AJ32: =(AI32/1000)*$B$7 -> 0 | AK32: =IF(MAX(0,MIN($B$8,AK31 + AJ32 - $D$11))>$B$8, $B$8, MAX(0,MIN($B$8,AK31 + AJ32 - $D$11))) -> 17.9 | AL32: =IF(ISNUMBER(MATCH($M$7, AH32:AH395, 0)), 0, MAX(0, AK32-(AJ32*24))) -> 0 | AS32: =AS31+1 -> 10 | AT32: Jan | AU32: 44.6 | AV32: =(AU32/1000)*$B$7 -> 49.06 | AW32: =IF(MAX(0,MIN($B$8,AW31 + AV32 - $D$11))>$B$8, $B$8, MAX(0,MIN($B$8,AW31 + AV32 - $D$11))) -> 20 | AX32: =IF(ISNUMBER(MATCH($M$7, AT32:AT395, 0)), 0, MAX(0, (AW32-(AV32*24)))) -> 0
H33: =H32+1 -> 11 | I33: Jan | J33: ='Organized Input Output'!D28 -> 14.4 | K33: =(J33/1000)*$B$7 -> 15.84 | L33: =MAX(0, IF(I32 = "Jan", MIN($B$8, K33 + L32), MIN($B$8, L32 + K33 - $D$11))) -> 20 | M33: =IF(I33="Jan", 0, MIN(L33, D21)) -> 0 | T33: =T32+1 -> 11 | U33: Jan | V33: 1.6 | W33: =(V33/1000)*$B$7 -> 1.76 | X33: =IF(MAX(0,MIN($B$8,X32 + W33 - $D$11))>$B$8, $B$8, MAX(0,MIN($B$8,X32 + W33 - $D$11))) -> 19.05 | Y33: =IF(ISNUMBER(MATCH($M$7, U33:U397, 0)), 0, MAX(0, X33-(W33*24))) -> 0 | AG33: =AG32+1 -> 11 | AH33: Jan | AI33: 0 | AJ33: =(AI33/1000)*$B$7 -> 0 | AK33: =IF(MAX(0,MIN($B$8,AK32 + AJ33 - $D$11))>$B$8, $B$8, MAX(0,MIN($B$8,AK32 + AJ33 - $D$11))) -> 17.155 | AL33: =IF(ISNUMBER(MATCH($M$7, AH33:AH396, 0)), 0, MAX(0, AK33-(AJ33*24))) -> 0 | AS33: =AS32+1 -> 11 | AT33: Jan | AU33: 14.4 | AV33: =(AU33/1000)*$B$7 -> 15.84 | AW33: =IF(MAX(0,MIN($B$8,AW32 + AV33 - $D$11))>$B$8, $B$8, MAX(0,MIN($B$8,AW32 + AV33 - $D$11))) -> 20 | AX33: =IF(ISNUMBER(MATCH($M$7, AT33:AT396, 0)), 0, MAX(0, (AW33-(AV33*24)))) -> 0
H34: =H33+1 -> 12 | I34: Jan | J34: ='Organized Input Output'!D29 -> 50.2 | K34: =(J34/1000)*$B$7 -> 55.22 | L34: =MAX(0, IF(I33 = "Jan", MIN($B$8, K34 + L33), MIN($B$8, L33 + K34 - $D$11))) -> 20 | M34: =IF(I34="Jan", 0, MIN(L34, D22)) -> 0 | T34: =T33+1 -> 12 | U34: Jan | V34: 0 | W34: =(V34/1000)*$B$7 -> 0 | X34: =IF(MAX(0,MIN($B$8,X33 + W34 - $D$11))>$B$8, $B$8, MAX(0,MIN($B$8,X33 + W34 - $D$11))) -> 18.305 | Y34: =IF(ISNUMBER(MATCH($M$7, U34:U398, 0)), 0, MAX(0, X34-(W34*24))) -> 0 | AG34: =AG33+1 -> 12 | AH34: Jan | AI34: 0 | AJ34: =(AI34/1000)*$B$7 -> 0 | AK34: =IF(MAX(0,MIN($B$8,AK33 + AJ34 - $D$11))>$B$8, $B$8, MAX(0,MIN($B$8,AK33 + AJ34 - $D$11))) -> 16.41 | AL34: =IF(ISNUMBER(MATCH($M$7, AH34:AH397, 0)), 0, MAX(0, AK34-(AJ34*24))) -> 0 | AS34: =AS33+1 -> 12 | AT34: Jan | AU34: 50.2 | AV34: =(AU34/1000)*$B$7 -> 55.22 | AW34: =IF(MAX(0,MIN($B$8,AW33 + AV34 - $D$11))>$B$8, $B$8, MAX(0,MIN($B$8,AW33 + AV34 - $D$11))) -> 20 | AX34: =IF(ISNUMBER(MATCH($M$7, AT34:AT397, 0)), 0, MAX(0, (AW34-(AV34*24)))) -> 0
H35: =H34+1 -> 13 | I35: Jan | J35: ='Organized Input Output'!D30 -> 9.6 | K35: =(J35/1000)*$B$7 -> 10.56 | L35: =MAX(0, IF(I34 = "Jan", MIN($B$8, K35 + L34), MIN($B$8, L34 + K35 - $D$11))) -> 20 | M35: =IF(I35="Jan", 0, MIN(L35, D23)) -> 0 | T35: =T34+1 -> 13 | U35: Jan | V35: 0 | W35: =(V35/1000)*$B$7 -> 0 | X35: =IF(MAX(0,MIN($B$8,X34 + W35 - $D$11))>$B$8, $B$8, MAX(0,MIN($B$8,X34 + W35 - $D$11))) -> 17.56 | Y35: =IF(ISNUMBER(MATCH($M$7, U35:U399, 0)), 0, MAX(0, X35-(W35*24))) -> 0 | AG35: =AG34+1 -> 13 | AH35: Jan | AI35: 0 | AJ35: =(AI35/1000)*$B$7 -> 0 | AK35: =IF(MAX(0,MIN($B$8,AK34 + AJ35 - $D$11))>$B$8, $B$8, MAX(0,MIN($B$8,AK34 + AJ35 - $D$11))) -> 15.665 | AL35: =IF(ISNUMBER(MATCH($M$7, AH35:AH398, 0)), 0, MAX(0, AK35-(AJ35*24))) -> 0 | AS35: =AS34+1 -> 13 | AT35: Jan | AU35: 9.6 | AV35: =(AU35/1000)*$B$7 -> 10.56 | AW35: =IF(MAX(0,MIN($B$8,AW34 + AV35 - $D$11))>$B$8, $B$8, MAX(0,MIN($B$8,AW34 + AV35 - $D$11))) -> 20 | AX35: =IF(ISNUMBER(MATCH($M$7, AT35:AT398, 0)), 0, MAX(0, (AW35-(AV35*24)))) -> 0
... H53: =H52+1 -> 31 | I53: Jan | J53: ='Organized Input Output'!D48 -> 2.6 | K53: =(J53/1000)*$B$7 -> 2.86 | L53: =MAX(0, IF(I52 = "Jan", MIN($B$8, K53 + L52), MIN($B$8, L52 + K53 - $D$11))) -> 20 | M53: =IF(I53="Jan", 0, MIN(L53, D41)) -> 0 | T53: =T52+1 -> 31 | U53: Jan | V53: 1.2 | W53: =(V53/1000)*$B$7 -> 1.32 | X53: =IF(MAX(0,MIN($B$8,X52 + W53 - $D$11))>$B$8, $B$8, MAX(0,MIN($B$8,X52 + W53 - $D$11))) -> 16.765 | Y53: =IF(ISNUMBER(MATCH($M$7, U53:U417, 0)), 0, MAX(0, X53-(W53*24))) -> 0 | AG53: =AG52+1 -> 31 | AH53: Jan | AI53: 5.8 | AJ53: =(AI53/1000)*$B$7 -> 6.38 | AK53: =IF(MAX(0,MIN($B$8,AK52 + AJ53 - $D$11))>$B$8, $B$8, MAX(0,MIN($B$8,AK52 + AJ53 - $D$11))) -> 20 | AL53: =IF(ISNUMBER(MATCH($M$7, AH53:AH416, 0)), 0, MAX(0, AK53-(AJ53*24))) -> 0 | AS53: =AS52+1 -> 31 | AT53: Jan | AU53: 2.6 | AV53: =(AU53/1000)*$B$7 -> 2.86 | AW53: =IF(MAX(0,MIN($B$8,AW52 + AV53 - $D$11))>$B$8, $B$8, MAX(0,MIN($B$8,AW52 + AV53 - $D$11))) -> 19.88 | AX53: =IF(ISNUMBER(MATCH($M$7, AT53:AT416, 0)), 0, MAX(0, (AW53-(AV53*24)))) -> 0
H54: =H53+1 -> 32 | I54: Feb | J54: ='Organized Input Output'!D49 -> 2.6 | K54: =(J54/1000)*$B$7 -> 2.86 | L54: =MAX(0, IF(I53 = "Jan", MIN($B$8, K54 + L53), MIN($B$8, L53 + K54 - $D$11))) -> 20 | M54: =IF(I54="Jan", 0, $D$11) -> 0.745 | T54: =T53+1 -> 32 | U54: Feb | V54: 1.8 | W54: =(V54/1000)*$B$7 -> 1.98 | X54: =IF(MAX(0,MIN($B$8,X53 + W54 - $D$11))>$B$8, $B$8, MAX(0,MIN($B$8,X53 + W54 - $D$11))) -> 18 | Y54: =IF(ISNUMBER(MATCH($M$7, U54:U418, 0)), 0, MAX(0, X54-(W54*24))) -> 0 | AG54: =AG53+1 -> 32 | AH54: Feb | AI54: 8 | AJ54: =(AI54/1000)*$B$7 -> 8.8 | AK54: =IF(MAX(0,MIN($B$8,AK53 + AJ54 - $D$11))>$B$8, $B$8, MAX(0,MIN($B$8,AK53 + AJ54 - $D$11))) -> 20 | AL54: =IF(ISNUMBER(MATCH($M$7, AH54:AH417, 0)), 0, MAX(0, AK54-(AJ54*24))) -> 0 | AS54: =AS53+1 -> 32 | AT54: Feb | AU54: 2.6 | AV54: =(AU54/1000)*$B$7 -> 2.86 | AW54: =IF(MAX(0,MIN($B$8,AW53 + AV54 - $D$11))>$B$8, $B$8, MAX(0,MIN($B$8,AW53 + AV54 - $D$11))) -> 20 | AX54: =IF(ISNUMBER(MATCH($M$7, AT54:AT417, 0)), 0, MAX(0, (AW54-(AV54*24)))) -> 0
H55: =H54+1 -> 33 | I55: Feb | J55: ='Organized Input Output'!D50 -> 0 | K55: =(J55/1000)*$B$7 -> 0 | L55: =MAX(0, IF(I54 = "Jan", MIN($B$8, K55 + L54), MIN($B$8, L54 + K55 - $D$11))) -> 19.255 | M55: =IF(I55="Jan", 0, $D$11) -> 0.745 | T55: =T54+1 -> 33 | U55: Feb | V55: 4 | W55: =(V55/1000)*$B$7 -> 4.4 | X55: =IF(MAX(0,MIN($B$8,X54 + W55 - $D$11))>$B$8, $B$8, MAX(0,MIN($B$8,X54 + W55 - $D$11))) -> 20 | Y55: =IF(ISNUMBER(MATCH($M$7, U55:U419, 0)), 0, MAX(0, X55-(W55*24))) -> 0 | AG55: =AG54+1 -> 33 | AH55: Feb | AI55: 27 | AJ55: =(AI55/1000)*$B$7 -> 29.7 | AK55: =IF(MAX(0,MIN($B$8,AK54 + AJ55 - $D$11))>$B$8, $B$8, MAX(0,MIN($B$8,AK54 + AJ55 - $D$11))) -> 20 | AL55: =IF(ISNUMBER(MATCH($M$7, AH55:AH418, 0)), 0, MAX(0, AK55-(AJ55*24))) -> 0 | AS55: =AS54+1 -> 33 | AT55: Feb | AU55: 0 | AV55: =(AU55/1000)*$B$7 -> 0 | AW55: =IF(MAX(0,MIN($B$8,AW54 + AV55 - $D$11))>$B$8, $B$8, MAX(0,MIN($B$8,AW54 + AV55 - $D$11))) -> 19.255 | AX55: =IF(ISNUMBER(MATCH($M$7, AT55:AT418, 0)), 0, MAX(0, (AW55-(AV55*24)))) -> 19.255
H56: =H55+1 -> 34 | I56: Feb | J56: ='Organized Input Output'!D51 -> 0 | K56: =(J56/1000)*$B$7 -> 0 | L56: =MAX(0, IF(I55 = "Jan", MIN($B$8, K56 + L55), MIN($B$8, L55 + K56 - $D$11))) -> 18.51 | M56: =IF(I56="Jan", 0, $D$11) -> 0.745 | T56: =T55+1 -> 34 | U56: Feb | V56: 1.4 | W56: =(V56/1000)*$B$7 -> 1.54 | X56: =IF(MAX(0,MIN($B$8,X55 + W56 - $D$11))>$B$8, $B$8, MAX(0,MIN($B$8,X55 + W56 - $D$11))) -> 20 | Y56: =IF(ISNUMBER(MATCH($M$7, U56:U420, 0)), 0, MAX(0, X56-(W56*24))) -> 0 | AG56: =AG55+1 -> 34 | AH56: Feb | AI56: 0.6 | AJ56: =(AI56/1000)*$B$7 -> 0.66 | AK56: =IF(MAX(0,MIN($B$8,AK55 + AJ56 - $D$11))>$B$8, $B$8, MAX(0,MIN($B$8,AK55 + AJ56 - $D$11))) -> 19.915 | AL56: =IF(ISNUMBER(MATCH($M$7, AH56:AH419, 0)), 0, MAX(0, AK56-(AJ56*24))) -> 4.075 | AS56: =AS55+1 -> 34 | AT56: Feb | AU56: 0 | AV56: =(AU56/1000)*$B$7 -> 0 | AW56: =IF(MAX(0,MIN($B$8,AW55 + AV56 - $D$11))>$B$8, $B$8, MAX(0,MIN($B$8,AW55 + AV56 - $D$11))) -> 18.51 | AX56: =IF(ISNUMBER(MATCH($M$7, AT56:AT419, 0)), 0, MAX(0, (AW56-(AV56*24)))) -> 18.51
H57: =H56+1 -> 35 | I57: Feb | J57: ='Organized Input Output'!D52 -> 0 | K57: =(J57/1000)*$B$7 -> 0 | L57: =MAX(0, IF(I56 = "Jan", MIN($B$8, K57 + L56), MIN($B$8, L56 + K57 - $D$11))) -> 17.765 | M57: =IF(I57="Jan", 0, $D$11) -> 0.745 | T57: =T56+1 -> 35 | U57: Feb | V57: 17 | W57: =(V57/1000)*$B$7 -> 18.7 | X57: =IF(MAX(0,MIN($B$8,X56 + W57 - $D$11))>$B$8, $B$8, MAX(0,MIN($B$8,X56 + W57 - $D$11))) -> 20 | Y57: =IF(ISNUMBER(MATCH($M$7, U57:U421, 0)), 0, MAX(0, X57-(W57*24))) -> 0 | AG57: =AG56+1 -> 35 | AH57: Feb | AI57: 36 | AJ57: =(AI57/1000)*$B$7 -> 39.6 | AK57: =IF(MAX(0,MIN($B$8,AK56 + AJ57 - $D$11))>$B$8, $B$8, MAX(0,MIN($B$8,AK56 + AJ57 - $D$11))) -> 20 | AL57: =IF(ISNUMBER(MATCH($M$7, AH57:AH420, 0)), 0, MAX(0, AK57-(AJ57*24))) -> 0 | AS57: =AS56+1 -> 35 | AT57: Feb | AU57: 0 | AV57: =(AU57/1000)*$B$7 -> 0 | AW57: =IF(MAX(0,MIN($B$8,AW56 + AV57 - $D$11))>$B$8, $B$8, MAX(0,MIN($B$8,AW56 + AV57 - $D$11))) -> 17.765 | AX57: =IF(ISNUMBER(MATCH($M$7, AT57:AT420, 0)), 0, MAX(0, (AW57-(AV57*24)))) -> 17.765
H58: =H57+1 -> 36 | I58: Feb | J58: ='Organized Input Output'!D53 -> 0 | K58: =(J58/1000)*$B$7 -> 0 | L58: =MAX(0, IF(I57 = "Jan", MIN($B$8, K58 + L57), MIN($B$8, L57 + K58 - $D$11))) -> 17.02 | M58: =IF(I58="Jan", 0, $D$11) -> 0.745 | T58: =T57+1 -> 36 | U58: Feb | V58: 39.6 | W58: =(V58/1000)*$B$7 -> 43.56 | X58: =IF(MAX(0,MIN($B$8,X57 + W58 - $D$11))>$B$8, $B$8, MAX(0,MIN($B$8,X57 + W58 - $D$11))) -> 20 | Y58: =IF(ISNUMBER(MATCH($M$7, U58:U422, 0)), 0, MAX(0, X58-(W58*24))) -> 0 | AG58: =AG57+1 -> 36 | AH58: Feb | AI58: 27.2 | AJ58: =(AI58/1000)*$B$7 -> 29.92 | AK58: =IF(MAX(0,MIN($B$8,AK57 + AJ58 - $D$11))>$B$8, $B$8, MAX(0,MIN($B$8,AK57 + AJ58 - $D$11))) -> 20 | AL58: =IF(ISNUMBER(MATCH($M$7, AH58:AH421, 0)), 0, MAX(0, AK58-(AJ58*24))) -> 0 | AS58: =AS57+1 -> 36 | AT58: Feb | AU58: 0 | AV58: =(AU58/1000)*$B$7 -> 0 | AW58: =IF(MAX(0,MIN($B$8,AW57 + AV58 - $D$11))>$B$8, $B$8, MAX(0,MIN($B$8,AW57 + AV58 - $D$11))) -> 17.02 | AX58: =IF(ISNUMBER(MATCH($M$7, AT58:AT421, 0)), 0, MAX(0, (AW58-(AV58*24)))) -> 17.02
H59: =H58+1 -> 37 | I59: Feb | J59: ='Organized Input Output'!D54 -> 0 | K59: =(J59/1000)*$B$7 -> 0 | L59: =MAX(0, IF(I58 = "Jan", MIN($B$8, K59 + L58), MIN($B$8, L58 + K59 - $D$11))) -> 16.275 | M59: =IF(I59="Jan", 0, $D$11) -> 0.745 | T59: =T58+1 -> 37 | U59: Feb | V59: 9.8 | W59: =(V59/1000)*$B$7 -> 10.78 | X59: =IF(MAX(0,MIN($B$8,X58 + W59 - $D$11))>$B$8, $B$8, MAX(0,MIN($B$8,X58 + W59 - $D$11))) -> 20 | Y59: =IF(ISNUMBER(MATCH($M$7, U59:U423, 0)), 0, MAX(0, X59-(W59*24))) -> 0 | AG59: =AG58+1 -> 37 | AH59: Feb | AI59: 28.2 | AJ59: =(AI59/1000)*$B$7 -> 31.02 | AK59: =IF(MAX(0,MIN($B$8,AK58 + AJ59 - $D$11))>$B$8, $B$8, MAX(0,MIN($B$8,AK58 + AJ59 - $D$11))) -> 20 | AL59: =IF(ISNUMBER(MATCH($M$7, AH59:AH422, 0)), 0, MAX(0, AK59-(AJ59*24))) -> 0 | AS59: =AS58+1 -> 37 | AT59: Feb | AU59: 0 | AV59: =(AU59/1000)*$B$7 -> 0 | AW59: =IF(MAX(0,MIN($B$8,AW58 + AV59 - $D$11))>$B$8, $B$8, MAX(0,MIN($B$8,AW58 + AV59 - $D$11))) -> 16.275 | AX59: =IF(ISNUMBER(MATCH($M$7, AT59:AT422, 0)), 0, MAX(0, (AW59-(AV59*24)))) -> 16.275
H60: =H59+1 -> 38 | I60: Feb | J60: ='Organized Input Output'!D55 -> 0 | K60: =(J60/1000)*$B$7 -> 0 | L60: =MAX(0, IF(I59 = "Jan", MIN($B$8, K60 + L59), MIN($B$8, L59 + K60 - $D$11))) -> 15.53 | M60: =IF(I60="Jan", 0, $D$11) -> 0.745 | T60: =T59+1 -> 38 | U60: Feb | V60: 11.4 | W60: =(V60/1000)*$B$7 -> 12.54 | X60: =IF(MAX(0,MIN($B$8,X59 + W60 - $D$11))>$B$8, $B$8, MAX(0,MIN($B$8,X59 + W60 - $D$11))) -> 20 | Y60: =IF(ISNUMBER(MATCH($M$7, U60:U424, 0)), 0, MAX(0, X60-(W60*24))) -> 0 | AG60: =AG59+1 -> 38 | AH60: Feb | AI60: 39.2 | AJ60: =(AI60/1000)*$B$7 -> 43.12 | AK60: =IF(MAX(0,MIN($B$8,AK59 + AJ60 - $D$11))>$B$8, $B$8, MAX(0,MIN($B$8,AK59 + AJ60 - $D$11))) -> 20 | AL60: =IF(ISNUMBER(MATCH($M$7, AH60:AH423, 0)), 0, MAX(0, AK60-(AJ60*24))) -> 0 | AS60: =AS59+1 -> 38 | AT60: Feb | AU60: 0 | AV60: =(AU60/1000)*$B$7 -> 0 | AW60: =IF(MAX(0,MIN($B$8,AW59 + AV60 - $D$11))>$B$8, $B$8, MAX(0,MIN($B$8,AW59 + AV60 - $D$11))) -> 15.53 | AX60: =IF(ISNUMBER(MATCH($M$7, AT60:AT423, 0)), 0, MAX(0, (AW60-(AV60*24)))) -> 15.53
H61: =H60+1 -> 39 | I61: Feb | J61: ='Organized Input Output'!D56 -> 0 | K61: =(J61/1000)*$B$7 -> 0 | L61: =MAX(0, IF(I60 = "Jan", MIN($B$8, K61 + L60), MIN($B$8, L60 + K61 - $D$11))) -> 14.785 | M61: =IF(I61="Jan", 0, $D$11) -> 0.745 | T61: =T60+1 -> 39 | U61: Feb | V61: 13.2 | W61: =(V61/1000)*$B$7 -> 14.52 | X61: =IF(MAX(0,MIN($B$8,X60 + W61 - $D$11))>$B$8, $B$8, MAX(0,MIN($B$8,X60 + W61 - $D$11))) -> 20 | Y61: =IF(ISNUMBER(MATCH($M$7, U61:U425, 0)), 0, MAX(0, X61-(W61*24))) -> 0 | AG61: =AG60+1 -> 39 | AH61: Feb | AI61: 6.6 | AJ61: =(AI61/1000)*$B$7 -> 7.26 | AK61: =IF(MAX(0,MIN($B$8,AK60 + AJ61 - $D$11))>$B$8, $B$8, MAX(0,MIN($B$8,AK60 + AJ61 - $D$11))) -> 20 | AL61: =IF(ISNUMBER(MATCH($M$7, AH61:AH424, 0)), 0, MAX(0, AK61-(AJ61*24))) -> 0 | AS61: =AS60+1 -> 39 | AT61: Feb | AU61: 0 | AV61: =(AU61/1000)*$B$7 -> 0 | AW61: =IF(MAX(0,MIN($B$8,AW60 + AV61 - $D$11))>$B$8, $B$8, MAX(0,MIN($B$8,AW60 + AV61 - $D$11))) -> 14.785 | AX61: =IF(ISNUMBER(MATCH($M$7, AT61:AT424, 0)), 0, MAX(0, (AW61-(AV61*24)))) -> 14.785
H62: =H61+1 -> 40 | I62: Feb | J62: ='Organized Input Output'!D57 -> 12.2 | K62: =(J62/1000)*$B$7 -> 13.42 | L62: =MAX(0, IF(I61 = "Jan", MIN($B$8, K62 + L61), MIN($B$8, L61 + K62 - $D$11))) -> 20 | M62: =IF(I62="Jan", 0, $D$11) -> 0.745 | T62: =T61+1 -> 40 | U62: Feb | V62: 11.8 | W62: =(V62/1000)*$B$7 -> 12.98 | X62: =IF(MAX(0,MIN($B$8,X61 + W62 - $D$11))>$B$8, $B$8, MAX(0,MIN($B$8,X61 + W62 - $D$11))) -> 20 | Y62: =IF(ISNUMBER(MATCH($M$7, U62:U426, 0)), 0, MAX(0, X62-(W62*24))) -> 0 | AG62: =AG61+1 -> 40 | AH62: Feb | AI62: 3.2 | AJ62: =(AI62/1000)*$B$7 -> 3.52 | AK62: =IF(MAX(0,MIN($B$8,AK61 + AJ62 - $D$11))>$B$8, $B$8, MAX(0,MIN($B$8,AK61 + AJ62 - $D$11))) -> 20 | AL62: =IF(ISNUMBER(MATCH($M$7, AH62:AH425, 0)), 0, MAX(0, AK62-(AJ62*24))) -> 0 | AS62: =AS61+1 -> 40 | AT62: Feb | AU62: 12.2 | AV62: =(AU62/1000)*$B$7 -> 13.42 | AW62: =IF(MAX(0,MIN($B$8,AW61 + AV62 - $D$11))>$B$8, $B$8, MAX(0,MIN($B$8,AW61 + AV62 - $D$11))) -> 20 | AX62: =IF(ISNUMBER(MATCH($M$7, AT62:AT425, 0)), 0, MAX(0, (AW62-(AV62*24)))) -> 0
H63: =H62+1 -> 41 | I63: Feb | J63: ='Organized Input Output'!D58 -> 13.4 | K63: =(J63/1000)*$B$7 -> 14.74 | L63: =MAX(0, IF(I62 = "Jan", MIN($B$8, K63 + L62), MIN($B$8, L62 + K63 - $D$11))) -> 20 | M63: =IF(I63="Jan", 0, $D$11) -> 0.745 | T63: =T62+1 -> 41 | U63: Feb | V63: 0.8 | W63: =(V63/1000)*$B$7 -> 0.88 | X63: =IF(MAX(0,MIN($B$8,X62 + W63 - $D$11))>$B$8, $B$8, MAX(0,MIN($B$8,X62 + W63 - $D$11))) -> 20 | Y63: =IF(ISNUMBER(MATCH($M$7, U63:U427, 0)), 0, MAX(0, X63-(W63*24))) -> 0 | AG63: =AG62+1 -> 41 | AH63: Feb | AI63: 0.2 | AJ63: =(AI63/1000)*$B$7 -> 0.22 | AK63: =IF(MAX(0,MIN($B$8,AK62 + AJ63 - $D$11))>$B$8, $B$8, MAX(0,MIN($B$8,AK62 + AJ63 - $D$11))) -> 19.475 | AL63: =IF(ISNUMBER(MATCH($M$7, AH63:AH426, 0)), 0, MAX(0, AK63-(AJ63*24))) -> 14.195 | AS63: =AS62+1 -> 41 | AT63: Feb | AU63: 13.4 | AV63: =(AU63/1000)*$B$7 -> 14.74 | AW63: =IF(MAX(0,MIN($B$8,AW62 + AV63 - $D$11))>$B$8, $B$8, MAX(0,MIN($B$8,AW62 + AV63 - $D$11))) -> 20 | AX63: =IF(ISNUMBER(MATCH($M$7, AT63:AT426, 0)), 0, MAX(0, (AW63-(AV63*24)))) -> 0
H64: =H63+1 -> 42 | I64: Feb | J64: ='Organized Input Output'!D59 -> 46.6 | K64: =(J64/1000)*$B$7 -> 51.26 | L64: =MAX(0, IF(I63 = "Jan", MIN($B$8, K64 + L63), MIN($B$8, L63 + K64 - $D$11))) -> 20 | M64: =IF(I64="Jan", 0, $D$11) -> 0.745 | T64: =T63+1 -> 42 | U64: Feb | V64: 1 | W64: =(V64/1000)*$B$7 -> 1.1 | X64: =IF(MAX(0,MIN($B$8,X63 + W64 - $D$11))>$B$8, $B$8, MAX(0,MIN($B$8,X63 + W64 - $D$11))) -> 20 | Y64: =IF(ISNUMBER(MATCH($M$7, U64:U428, 0)), 0, MAX(0, X64-(W64*24))) -> 0 | AG64: =AG63+1 -> 42 | AH64: Feb | AI64: 19.6 | AJ64: =(AI64/1000)*$B$7 -> 21.56 | AK64: =IF(MAX(0,MIN($B$8,AK63 + AJ64 - $D$11))>$B$8, $B$8, MAX(0,MIN($B$8,AK63 + AJ64 - $D$11))) -> 20 | AL64: =IF(ISNUMBER(MATCH($M$7, AH64:AH427, 0)), 0, MAX(0, AK64-(AJ64*24))) -> 0 | AS64: =AS63+1 -> 42 | AT64: Feb | AU64: 46.6 | AV64: =(AU64/1000)*$B$7 -> 51.26 | AW64: =IF(MAX(0,MIN($B$8,AW63 + AV64 - $D$11))>$B$8, $B$8, MAX(0,MIN($B$8,AW63 + AV64 - $D$11))) -> 20 | AX64: =IF(ISNUMBER(MATCH($M$7, AT64:AT427, 0)), 0, MAX(0, (AW64-(AV64*24)))) -> 0
H65: =H64+1 -> 43 | I65: Feb | J65: ='Organized Input Output'!D60 -> 16.8 | K65: =(J65/1000)*$B$7 -> 18.48 | L65: =MAX(0, IF(I64 = "Jan", MIN($B$8, K65 + L64), MIN($B$8, L64 + K65 - $D$11))) -> 20 | M65: =IF(I65="Jan", 0, $D$11) -> 0.745 | T65: =T64+1 -> 43 | U65: Feb | V65: 12.8 | W65: =(V65/1000)*$B$7 -> 14.08 | X65: =IF(MAX(0,MIN($B$8,X64 + W65 - $D$11))>$B$8, $B$8, MAX(0,MIN($B$8,X64 + W65 - $D$11))) -> 20 | Y65: =IF(ISNUMBER(MATCH($M$7, U65:U429, 0)), 0, MAX(0, X65-(W65*24))) -> 0 | AG65: =AG64+1 -> 43 | AH65: Feb | AI65: 30.4 | AJ65: =(AI65/1000)*$B$7 -> 33.44 | AK65: =IF(MAX(0,MIN($B$8,AK64 + AJ65 - $D$11))>$B$8, $B$8, MAX(0,MIN($B$8,AK64 + AJ65 - $D$11))) -> 20 | AL65: =IF(ISNUMBER(MATCH($M$7, AH65:AH428, 0)), 0, MAX(0, AK65-(AJ65*24))) -> 0 | AS65: =AS64+1 -> 43 | AT65: Feb | AU65: 16.8 | AV65: =(AU65/1000)*$B$7 -> 18.48 | AW65: =IF(MAX(0,MIN($B$8,AW64 + AV65 - $D$11))>$B$8, $B$8, MAX(0,MIN($B$8,AW64 + AV65 - $D$11))) -> 20 | AX65: =IF(ISNUMBER(MATCH($M$7, AT65:AT428, 0)), 0, MAX(0, (AW65-(AV65*24)))) -> 0
... H387: =H386+1 -> 365 | I387: Dec | J387: ='Organized Input Output'!D382 -> 0 | K387: =(J387/1000)*$B$7 -> 0 | L387: =MAX(0, IF(I386 = "Jan", MIN($B$8, K387 + L386), MIN($B$8, L386 + K387 - $D$11))) -> 17.02 | M387: =IF(I387="Jan", 0, $D$11) -> 0.745 | T387: =T386+1 -> 365 | U387: Dec | V387: 0 | W387: =(V387/1000)*$B$7 -> 0 | X387: =IF(MAX(0,MIN($B$8,X386 + W387 - $D$11))>$B$8, $B$8, MAX(0,MIN($B$8,X386 + W387 - $D$11))) -> 17.02 | Y387: =IF(ISNUMBER(MATCH($M$7, U387:U751, 0)), 0, MAX(0, X387-(W387*24))) -> 17.02 | AG387: =AG386+1 -> 365 | AH387: Dec | AI387: 0 | AJ387: =(AI387/1000)*$B$7 -> 0 | AK387: =IF(MAX(0,MIN($B$8,AK386 + AJ387 - $D$11))>$B$8, $B$8, MAX(0,MIN($B$8,AK386 + AJ387 - $D$11))) -> 17.24 | AL387: =IF(ISNUMBER(MATCH($M$7, AH387:AH750, 0)), 0, MAX(0, AK387-(AJ387*24))) -> 17.24 | AS387: =AS386+1 -> 365 | AT387: Dec | AU387: 0 | AV387: =(AU387/1000)*$B$7 -> 0 | AW387: =IF(MAX(0,MIN($B$8,AW386 + AV387 - $D$11))>$B$8, $B$8, MAX(0,MIN($B$8,AW386 + AV387 - $D$11))) -> 17.02 | AX387: =IF(ISNUMBER(MATCH($M$7, AT387:AT750, 0)), 0, MAX(0, (AW387-(AV387*24)))) -> 17.02

Sheet Ozone-Energy
B1: RWH Input-Output Data
B2: Team J-9
B3: Energy Calculations for a system using Ozone Disinfection | G3: Pump Efficiency | H3: 0.7 | I3: [ % ] | J3: Contact Time | K3: 10 | L3: [min] | M3: UV Lamp Size | N3: =IF('Organized Input Output'!AB4 = "y", 36, IF('Organized Input Output'!AB5 = "y", 40, IF('Organized Input Output'!AB6 = "y", 50, 0))) -> 50 | O3: [W] | P3: Heating Value Diesel | Q3: 40 | R3: [MJ/L] | U3: Matience for Diesel | V3: Contact Time | W3: 10 | X3: [min]
B4: Catch. Area | C4: ='Organized Input Output'!J7 -> 1100 | D4: [m2] | J4: CT_Ozone | K4: =IF('Organized Input Output'!AD5= "y", 50, 0) -> 50 | L4: [mg min/L] | P4: Efficiency of Generator | Q4: 0.35 | R4: [ ] | U4: =SUM(S11:S375)+SUM(U11:U375) -> 0 | V4: CT_Chlorine | W4: =IF('Organized Input Output'!AD3 = "y", 100, 0) -> 0 | X4: [mg min/L] | Z4: Total Maintinece for Chlorine
B5: Catch. Tank V | C5: ='Organized Input Output'!K7 / 1000 -> 2.5 | D5: [m3] | J5: Energy for O3 | K5: 2 | L5: [MJ / g] | P5: Total Diesel Fuel in a year | Q5: =SUM(Q11:Q375) -> 0 | U5: Oil Change Maitinence for Diesel | V5: Refill requirement | W5: 4.4 | X5: kg | Z5: =SUM(Y11:Y375) -> 0
B6: Consumption | C6: ='Organized Input Output'!D14 -> 745 | D6: [L/day] | U6: =SUM(U13:U377) -> 0
B7: Initial Volume | C7: 0 | D7: [L]
U8: Determine by volume in the catchment tank each day, multiply by the flow rate, times 1000 unit conversion, gives us the minutes, we need to convert that into hours as well. when it reaches 250 hour we reset.
C9: Rainfall [mm] | D9: Q_in [m^3/day] | E9: V_water [m^3] | F9: Q_out [m^3/day] | G9: Pump Pressure | H9: Pump Energy | I9: Pump Energy | J9: Mass O3 | K9: Mass O3 | L9: Energy for O3 | M9: Energy for O3 | N9: Energy for UV | O9: Energy for UV | P9: Total Energy for Day | Q9: Diesel Fuel | R9: Total Diesel Fuel | S9: Refueling Diesel Maintence | T9: Total Diesel Fuel | U9: Matience for Diesel Oil Change | V9: Mass Chlorine | W9: Mass Chlorine | X9: Cholrine used | Y9: Maintinence
G10: [Pa] | H10: [J] | I10: [MJ] | J10: [mg] | K10: [g] | L10: [J] | M10: [MJ] | N10: [Wh] | O10: [MJ] | P10: [MJ] | Q10: [L] | R10: [L] | S10: Every 100L | T10: [L] | U10: Every 250L | V10: [mg] | W10: [kg] | X10: [kg] | Y10: [-]
A11: 1 | B11: 0 | C11: ='Studio Rain System'!J23 -> 18.8 | D11: ='Studio Rain System'!K23 -> 20.68 | E11: ='Studio Rain System'!L23 -> 20.68 | F11: ='Studio Rain System'!M23 -> 0 | G11: 125600 | H11: =(G11*D11)/$H$3 -> 3710582.9 | I11: =H11/10^6 -> 3.7105829 | J11: =IF( 'Organized Input Output'!$AD$5= "y", $K$4*(D11*1000)/$K$3, 0) -> 103400 | K11: =J11/1000 -> 103.4 | L11: =M11*1000000 -> 0 | M11: =IF(A11 < 32, 0, $K$5*K11) -> 0 | N11: =$N$3 * 24 -> 1200 | O11: =IF(A11 < 31, 0, (N11 * 3600 / 1000000)) -> 0 | P11: =I11 + M11 + O11 -> 3.7105829 | Q11: =IF( 'Organized Input Output'!$AF$9 = "y", P11 / ($Q$3 * $Q$4), 0) -> 0 | R11: =Q11 -> 0 | S11: =IF( 'Organized Input Output'!$AF$9 = "y", IF(R11= 0, 1, 0), 0) -> 0 | T11: =Q11 -> 0 | U11: =IF( 'Organized Input Output'!$AF$9 = "y", IF(T11= 0, 1, 0), 0) -> 0 | V11: =W$4*(D11*1000)*(1/$W$3) -> 0 | W11: =V11/1000000 -> 0 | X11: =W11 -> 0
A12: 2 | B12: 0 | C12: ='Studio Rain System'!J24 -> 19.8 | D12: ='Studio Rain System'!K24 -> 21.78 | E12: ='Studio Rain System'!L24 -> 20 | F12: ='Studio Rain System'!M24 -> 0 | G12: 125600 | H12: =(G12*D12)/$H$3 -> 3907954.3 | I12: =H12/10^6 -> 3.9079543 | J12: =IF( 'Organized Input Output'!$AD$5= "y", $K$4*(D12*1000)/$K$3, 0) -> 108900 | K12: =J12/1000 -> 108.9 | L12: =M12*1000000 -> 0 | M12: =IF(A12 < 32, 0, $K$5*K12) -> 0 | N12: =$N$3 * 24 -> 1200 | O12: =IF(A12 < 31, 0, (N12 * 3600 / 1000000)) -> 0 | P12: =I12 + M12 + O12 -> 3.9079543 | Q12: =IF( 'Organized Input Output'!$AF$9 = "y", P12 / ($Q$3 * $Q$4), 0) -> 0 | R12: =IF(R11+Q12 > 100, 0, R11+Q12 ) -> 0 | S12: =IF( 'Organized Input Output'!$AF$9 = "y", IF(R12= 0, 1, 0), 0) -> 0 | T12: =IF(T11+Q12 > 250, 0, T11+Q12 ) -> 0 | U12: =IF( 'Organized Input Output'!$AF$9 = "y", IF(T12= 0, 1, 0), 0) -> 0 | V12: =W$4*(D12*1000)*(1/$W$3) -> 0 | W12: =V12/1000000 -> 0 | X12: =IF(X11+W12 > 4.4, 0, X11+W12 ) -> 0 | Y12: =IF( V12 +X12+ W12 = 0, 0, IF(X12= 0, 1, 0)) -> 0
A13: 3 | B13: 0 | C13: ='Studio Rain System'!J25 -> 0 | D13: ='Studio Rain System'!K25 -> 0 | E13: ='Studio Rain System'!L25 -> 20 | F13: ='Studio Rain System'!M25 -> 0 | G13: 125600 | H13: =(G13*D13)/$H$3 -> 0 | I13: =H13/10^6 -> 0 | J13: =IF( 'Organized Input Output'!$AD$5= "y", $K$4*(D13*1000)/$K$3, 0) -> 0 | K13: =J13/1000 -> 0 | L13: =M13*1000000 -> 0 | M13: =IF(A13 < 32, 0, $K$5*K13) -> 0 | N13: =$N$3 * 24 -> 1200 | O13: =IF(A13 < 31, 0, (N13 * 3600 / 1000000)) -> 0 | P13: =I13 + M13 + O13 -> 0 | Q13: =IF( 'Organized Input Output'!$AF$9 = "y", P13 / ($Q$3 * $Q$4), 0) -> 0 | R13: =IF(R12+Q13 > 100, 0, R12+Q13 ) -> 0 | S13: =IF( 'Organized Input Output'!$AF$9 = "y", IF(R13= 0, 1, 0), 0) -> 0 | T13: =IF(T12+Q13 > 250, 0, T12+Q13 ) -> 0 | U13: =IF( 'Organized Input Output'!$AF$9 = "y", IF(T13= 0, 1, 0), 0) -> 0 | V13: =W$4*(D13*1000)*(1/$W$3) -> 0 | W13: =V13/1000000 -> 0 | X13: =IF(X12+W13 >= 4.4, 0, X12+W13 ) -> 0 | Y13: =IF( V13 +X13+ W13 = 0, 0, IF(X13= 0, 1, 0)) -> 0
A14: 4 | B14: 0 | C14: ='Studio Rain System'!J26 -> 0 | D14: ='Studio Rain System'!K26 -> 0 | E14: ='Studio Rain System'!L26 -> 20 | F14: ='Studio Rain System'!M26 -> 0 | G14: 125600 | H14: =(G14*D14)/$H$3 -> 0 | I14: =H14/10^6 -> 0 | J14: =IF( 'Organized Input Output'!$AD$5= "y", $K$4*(D14*1000)/$K$3, 0) -> 0 | K14: =J14/1000 -> 0 | L14: =M14*1000000 -> 0 | M14: =IF(A14 < 32, 0, $K$5*K14) -> 0 | N14: =$N$3 * 24 -> 1200 | O14: =IF(A14 < 31, 0, (N14 * 3600 / 1000000)) -> 0 | P14: =I14 + M14 + O14 -> 0 | Q14: =IF( 'Organized Input Output'!$AF$9 = "y", P14 / ($Q$3 * $Q$4), 0) -> 0 | R14: =IF(R13+Q14 > 100, 0, R13+Q14 ) -> 0 | S14: =IF( 'Organized Input Output'!$AF$9 = "y", IF(R14= 0, 1, 0), 0) -> 0 | T14: =IF(T13+Q14 > 250, 0, T13+Q14 ) -> 0 | U14: =IF( 'Organized Input Output'!$AF$9 = "y", IF(T14= 0, 1, 0), 0) -> 0 | V14: =W$4*(D14*1000)*(1/$W$3) -> 0 | W14: =V14/1000000 -> 0 | X14: =IF(X13+W14 >= 4.4, 0, X13+W14 ) -> 0 | Y14: =IF( V14 +X14+ W14 = 0, 0, IF(X14= 0, 1, 0)) -> 0
A15: 5 | B15: 4.4 | C15: ='Studio Rain System'!J27 -> 0 | D15: ='Studio Rain System'!K27 -> 0 | E15: ='Studio Rain System'!L27 -> 20 | F15: ='Studio Rain System'!M27 -> 0 | G15: 125600 | H15: =(G15*D15)/$H$3 -> 0 | I15: =H15/10^6 -> 0 | J15: =IF( 'Organized Input Output'!$AD$5= "y", $K$4*(D15*1000)/$K$3, 0) -> 0 | K15: =J15/1000 -> 0 | L15: =M15*1000000 -> 0 | M15: =IF(A15 < 32, 0, $K$5*K15) -> 0 | N15: =$N$3 * 24 -> 1200 | O15: =IF(A15 < 31, 0, (N15 * 3600 / 1000000)) -> 0 | P15: =I15 + M15 + O15 -> 0 | Q15: =IF( 'Organized Input Output'!$AF$9 = "y", P15 / ($Q$3 * $Q$4), 0) -> 0 | R15: =IF(R14+Q15 > 100, 0, R14+Q15 ) -> 0 | S15: =IF( 'Organized Input Output'!$AF$9 = "y", IF(R15= 0, 1, 0), 0) -> 0 | T15: =IF(T14+Q15 > 250, 0, T14+Q15 ) -> 0 | U15: =IF( 'Organized Input Output'!$AF$9 = "y", IF(T15= 0, 1, 0), 0) -> 0 | V15: =W$4*(D15*1000)*(1/$W$3) -> 0 | W15: =V15/1000000 -> 0 | X15: =IF(X14+W15 >= 4.4, 0, X14+W15 ) -> 0 | Y15: =IF( V15 +X15+ W15 = 0, 0, IF(X15= 0, 1, 0)) -> 0
A16: 6 | B16: 5.6 | C16: ='Studio Rain System'!J28 -> 5 | D16: ='Studio Rain System'!K28 -> 5.5 | E16: ='Studio Rain System'!L28 -> 20 | F16: ='Studio Rain System'!M28 -> 0 | G16: 125600 | H16: =(G16*D16)/$H$3 -> 986857.14 | I16: =H16/10^6 -> 0.98685714 | J16: =IF( 'Organized Input Output'!$AD$5= "y", $K$4*(D16*1000)/$K$3, 0) -> 27500 | K16: =J16/1000 -> 27.5 | L16: =M16*1000000 -> 0 | M16: =IF(A16 < 32, 0, $K$5*K16) -> 0 | N16: =$N$3 * 24 -> 1200 | O16: =IF(A16 < 31, 0, (N16 * 3600 / 1000000)) -> 0 | P16: =I16 + M16 + O16 -> 0.98685714 | Q16: =IF( 'Organized Input Output'!$AF$9 = "y", P16 / ($Q$3 * $Q$4), 0) -> 0 | R16: =IF(R15+Q16 > 100, 0, R15+Q16 ) -> 0 | S16: =IF( 'Organized Input Output'!$AF$9 = "y", IF(R16= 0, 1, 0), 0) -> 0 | T16: =IF(T15+Q16 > 250, 0, T15+Q16 ) -> 0 | U16: =IF( 'Organized Input Output'!$AF$9 = "y", IF(T16= 0, 1, 0), 0) -> 0 | V16: =W$4*(D16*1000)*(1/$W$3) -> 0 | W16: =V16/1000000 -> 0 | X16: =IF(X15+W16 >= 4.4, 0, X15+W16 ) -> 0 | Y16: =IF( V16 +X16+ W16 = 0, 0, IF(X16= 0, 1, 0)) -> 0
A17: 7 | B17: 5 | C17: ='Studio Rain System'!J29 -> 20.4 | D17: ='Studio Rain System'!K29 -> 22.44 | E17: ='Studio Rain System'!L29 -> 20 | F17: ='Studio Rain System'!M29 -> 0 | G17: 125600 | H17: =(G17*D17)/$H$3 -> 4026377.1 | I17: =H17/10^6 -> 4.0263771 | J17: =IF( 'Organized Input Output'!$AD$5= "y", $K$4*(D17*1000)/$K$3, 0) -> 112200 | K17: =J17/1000 -> 112.2 | L17: =M17*1000000 -> 0 | M17: =IF(A17 < 32, 0, $K$5*K17) -> 0 | N17: =$N$3 * 24 -> 1200 | O17: =IF(A17 < 31, 0, (N17 * 3600 / 1000000)) -> 0 | P17: =I17 + M17 + O17 -> 4.0263771 | Q17: =IF( 'Organized Input Output'!$AF$9 = "y", P17 / ($Q$3 * $Q$4), 0) -> 0 | R17: =IF(R16+Q17 > 100, 0, R16+Q17 ) -> 0 | S17: =IF( 'Organized Input Output'!$AF$9 = "y", IF(R17= 0, 1, 0), 0) -> 0 | T17: =IF(T16+Q17 > 250, 0, T16+Q17 ) -> 0 | U17: =IF( 'Organized Input Output'!$AF$9 = "y", IF(T17= 0, 1, 0), 0) -> 0 | V17: =W$4*(D17*1000)*(1/$W$3) -> 0 | W17: =V17/1000000 -> 0 | X17: =IF(X16+W17 >= 4.4, 0, X16+W17 ) -> 0 | Y17: =IF( V17 +X17+ W17 = 0, 0, IF(X17= 0, 1, 0)) -> 0
A18: 8 | B18: 2.6 | C18: ='Studio Rain System'!J30 -> 24.8 | D18: ='Studio Rain System'!K30 -> 27.28 | E18: ='Studio Rain System'!L30 -> 20 | F18: ='Studio Rain System'!M30 -> 0 | G18: 125600 | H18: =(G18*D18)/$H$3 -> 4894811.4 | I18: =H18/10^6 -> 4.8948114 | J18: =IF( 'Organized Input Output'!$AD$5= "y", $K$4*(D18*1000)/$K$3, 0) -> 136400 | K18: =J18/1000 -> 136.4 | L18: =M18*1000000 -> 0 | M18: =IF(A18 < 32, 0, $K$5*K18) -> 0 | N18: =$N$3 * 24 -> 1200 | O18: =IF(A18 < 31, 0, (N18 * 3600 / 1000000)) -> 0 | P18: =I18 + M18 + O18 -> 4.8948114 | Q18: =IF( 'Organized Input Output'!$AF$9 = "y", P18 / ($Q$3 * $Q$4), 0) -> 0 | R18: =IF(R17+Q18 > 100, 0, R17+Q18 ) -> 0 | S18: =IF( 'Organized Input Output'!$AF$9 = "y", IF(R18= 0, 1, 0), 0) -> 0 | T18: =IF(T17+Q18 > 250, 0, T17+Q18 ) -> 0 | U18: =IF( 'Organized Input Output'!$AF$9 = "y", IF(T18= 0, 1, 0), 0) -> 0 | V18: =W$4*(D18*1000)*(1/$W$3) -> 0 | W18: =V18/1000000 -> 0 | X18: =IF(X17+W18 >= 4.4, 0, X17+W18 ) -> 0 | Y18: =IF( V18 +X18+ W18 = 0, 0, IF(X18= 0, 1, 0)) -> 0
A19: 9 | B19: 0.2 | C19: ='Studio Rain System'!J31 -> 34 | D19: ='Studio Rain System'!K31 -> 37.4 | E19: ='Studio Rain System'!L31 -> 20 | F19: ='Studio Rain System'!M31 -> 0 | G19: 125600 | H19: =(G19*D19)/$H$3 -> 6710628.6 | I19: =H19/10^6 -> 6.7106286 | J19: =IF( 'Organized Input Output'!$AD$5= "y", $K$4*(D19*1000)/$K$3, 0) -> 187000 | K19: =J19/1000 -> 187 | L19: =M19*1000000 -> 0 | M19: =IF(A19 < 32, 0, $K$5*K19) -> 0 | N19: =$N$3 * 24 -> 1200 | O19: =IF(A19 < 31, 0, (N19 * 3600 / 1000000)) -> 0 | P19: =I19 + M19 + O19 -> 6.7106286 | Q19: =IF( 'Organized Input Output'!$AF$9 = "y", P19 / ($Q$3 * $Q$4), 0) -> 0 | R19: =IF(R18+Q19 > 100, 0, R18+Q19 ) -> 0 | S19: =IF( 'Organized Input Output'!$AF$9 = "y", IF(R19= 0, 1, 0), 0) -> 0 | T19: =IF(T18+Q19 > 250, 0, T18+Q19 ) -> 0 | U19: =IF( 'Organized Input Output'!$AF$9 = "y", IF(T19= 0, 1, 0), 0) -> 0 | V19: =W$4*(D19*1000)*(1/$W$3) -> 0 | W19: =V19/1000000 -> 0 | X19: =IF(X18+W19 >= 4.4, 0, X18+W19 ) -> 0 | Y19: =IF( V19 +X19+ W19 = 0, 0, IF(X19= 0, 1, 0)) -> 0
A20: 10 | B20: 0 | C20: ='Studio Rain System'!J32 -> 44.6 | D20: ='Studio Rain System'!K32 -> 49.06 | E20: ='Studio Rain System'!L32 -> 20 | F20: ='Studio Rain System'!M32 -> 0 | G20: 125600 | H20: =(G20*D20)/$H$3 -> 8802765.7 | I20: =H20/10^6 -> 8.8027657 | J20: =IF( 'Organized Input Output'!$AD$5= "y", $K$4*(D20*1000)/$K$3, 0) -> 245300 | K20: =J20/1000 -> 245.3 | L20: =M20*1000000 -> 0 | M20: =IF(A20 < 32, 0, $K$5*K20) -> 0 | N20: =$N$3 * 24 -> 1200 | O20: =IF(A20 < 31, 0, (N20 * 3600 / 1000000)) -> 0 | P20: =I20 + M20 + O20 -> 8.8027657 | Q20: =IF( 'Organized Input Output'!$AF$9 = "y", P20 / ($Q$3 * $Q$4), 0) -> 0 | R20: =IF(R19+Q20 > 100, 0, R19+Q20 ) -> 0 | S20: =IF( 'Organized Input Output'!$AF$9 = "y", IF(R20= 0, 1, 0), 0) -> 0 | T20: =IF(T19+Q20 > 250, 0, T19+Q20 ) -> 0 | U20: =IF( 'Organized Input Output'!$AF$9 = "y", IF(T20= 0, 1, 0), 0) -> 0 | V20: =W$4*(D20*1000)*(1/$W$3) -> 0 | W20: =V20/1000000 -> 0 | X20: =IF(X19+W20 >= 4.4, 0, X19+W20 ) -> 0 | Y20: =IF( V20 +X20+ W20 = 0, 0, IF(X20= 0, 1, 0)) -> 0
A21: 11 | B21: 0 | C21: ='Studio Rain System'!J33 -> 14.4 | D21: ='Studio Rain System'!K33 -> 15.84 | E21: ='Studio Rain System'!L33 -> 20 | F21: ='Studio Rain System'!M33 -> 0 | G21: 125600 | H21: =(G21*D21)/$H$3 -> 2842148.6 | I21: =H21/10^6 -> 2.8421486 | J21: =IF( 'Organized Input Output'!$AD$5= "y", $K$4*(D21*1000)/$K$3, 0) -> 79200 | K21: =J21/1000 -> 79.2 | L21: =M21*1000000 -> 0 | M21: =IF(A21 < 32, 0, $K$5*K21) -> 0 | N21: =$N$3 * 24 -> 1200 | O21: =IF(A21 < 31, 0, (N21 * 3600 / 1000000)) -> 0 | P21: =I21 + M21 + O21 -> 2.8421486 | Q21: =IF( 'Organized Input Output'!$AF$9 = "y", P21 / ($Q$3 * $Q$4), 0) -> 0 | R21: =IF(R20+Q21 > 100, 0, R20+Q21 ) -> 0 | S21: =IF( 'Organized Input Output'!$AF$9 = "y", IF(R21= 0, 1, 0), 0) -> 0 | T21: =IF(T20+Q21 > 250, 0, T20+Q21 ) -> 0 | U21: =IF( 'Organized Input Output'!$AF$9 = "y", IF(T21= 0, 1, 0), 0) -> 0 | V21: =W$4*(D21*1000)*(1/$W$3) -> 0 | W21: =V21/1000000 -> 0 | X21: =IF(X20+W21 >= 4.4, 0, X20+W21 ) -> 0 | Y21: =IF( V21 +X21+ W21 = 0, 0, IF(X21= 0, 1, 0)) -> 0
A22: 12 | B22: 0 | C22: ='Studio Rain System'!J34 -> 50.2 | D22: ='Studio Rain System'!K34 -> 55.22 | E22: ='Studio Rain System'!L34 -> 20 | F22: ='Studio Rain System'!M34 -> 0 | G22: 125600 | H22: =(G22*D22)/$H$3 -> 9908045.7 | I22: =H22/10^6 -> 9.9080457 | J22: =IF( 'Organized Input Output'!$AD$5= "y", $K$4*(D22*1000)/$K$3, 0) -> 276100 | K22: =J22/1000 -> 276.1 | L22: =M22*1000000 -> 0 | M22: =IF(A22 < 32, 0, $K$5*K22) -> 0 | N22: =$N$3 * 24 -> 1200 | O22: =IF(A22 < 31, 0, (N22 * 3600 / 1000000)) -> 0 | P22: =I22 + M22 + O22 -> 9.9080457 | Q22: =IF( 'Organized Input Output'!$AF$9 = "y", P22 / ($Q$3 * $Q$4), 0) -> 0 | R22: =IF(R21+Q22 > 100, 0, R21+Q22 ) -> 0 | S22: =IF( 'Organized Input Output'!$AF$9 = "y", IF(R22= 0, 1, 0), 0) -> 0 | T22: =IF(T21+Q22 > 250, 0, T21+Q22 ) -> 0 | U22: =IF( 'Organized Input Output'!$AF$9 = "y", IF(T22= 0, 1, 0), 0) -> 0 | V22: =W$4*(D22*1000)*(1/$W$3) -> 0 | W22: =V22/1000000 -> 0 | X22: =IF(X21+W22 >= 4.4, 0, X21+W22 ) -> 0 | Y22: =IF( V22 +X22+ W22 = 0, 0, IF(X22= 0, 1, 0)) -> 0
A23: 13 | B23: 0 | C23: ='Studio Rain System'!J35 -> 9.6 | D23: ='Studio Rain System'!K35 -> 10.56 | E23: ='Studio Rain System'!L35 -> 20 | F23: ='Studio Rain System'!M35 -> 0 | G23: 125600 | H23: =(G23*D23)/$H$3 -> 1894765.7 | I23: =H23/10^6 -> 1.8947657 | J23: =IF( 'Organized Input Output'!$AD$5= "y", $K$4*(D23*1000)/$K$3, 0) -> 52800 | K23: =J23/1000 -> 52.8 | L23: =M23*1000000 -> 0 | M23: =IF(A23 < 32, 0, $K$5*K23) -> 0 | N23: =$N$3 * 24 -> 1200 | O23: =IF(A23 < 31, 0, (N23 * 3600 / 1000000)) -> 0 | P23: =I23 + M23 + O23 -> 1.8947657 | Q23: =IF( 'Organized Input Output'!$AF$9 = "y", P23 / ($Q$3 * $Q$4), 0) -> 0 | R23: =IF(R22+Q23 > 100, 0, R22+Q23 ) -> 0 | S23: =IF( 'Organized Input Output'!$AF$9 = "y", IF(R23= 0, 1, 0), 0) -> 0 | T23: =IF(T22+Q23 > 250, 0, T22+Q23 ) -> 0 | U23: =IF( 'Organized Input Output'!$AF$9 = "y", IF(T23= 0, 1, 0), 0) -> 0 | V23: =W$4*(D23*1000)*(1/$W$3) -> 0 | W23: =V23/1000000 -> 0 | X23: =IF(X22+W23 >= 4.4, 0, X22+W23 ) -> 0 | Y23: =IF( V23 +X23+ W23 = 0, 0, IF(X23= 0, 1, 0)) -> 0
A24: 14 | B24: 0 | C24: ='Studio Rain System'!J36 -> 5.8 | D24: ='Studio Rain System'!K36 -> 6.38 | E24: ='Studio Rain System'!L36 -> 20 | F24: ='Studio Rain System'!M36 -> 0 | G24: 125600 | H24: =(G24*D24)/$H$3 -> 1144754.3 | I24: =H24/10^6 -> 1.1447543 | J24: =IF( 'Organized Input Output'!$AD$5= "y", $K$4*(D24*1000)/$K$3, 0) -> 31900 | K24: =J24/1000 -> 31.9 | L24: =M24*1000000 -> 0 | M24: =IF(A24 < 32, 0, $K$5*K24) -> 0 | N24: =$N$3 * 24 -> 1200 | O24: =IF(A24 < 31, 0, (N24 * 3600 / 1000000)) -> 0 | P24: =I24 + M24 + O24 -> 1.1447543 | Q24: =IF( 'Organized Input Output'!$AF$9 = "y", P24 / ($Q$3 * $Q$4), 0) -> 0 | R24: =IF(R23+Q24 > 100, 0, R23+Q24 ) -> 0 | S24: =IF( 'Organized Input Output'!$AF$9 = "y", IF(R24= 0, 1, 0), 0) -> 0 | T24: =IF(T23+Q24 > 250, 0, T23+Q24 ) -> 0 | U24: =IF( 'Organized Input Output'!$AF$9 = "y", IF(T24= 0, 1, 0), 0) -> 0 | V24: =W$4*(D24*1000)*(1/$W$3) -> 0 | W24: =V24/1000000 -> 0 | X24: =IF(X23+W24 >= 4.4, 0, X23+W24 ) -> 0 | Y24: =IF( V24 +X24+ W24 = 0, 0, IF(X24= 0, 1, 0)) -> 0
... A69: 59 | B69: 8.6 | C69: ='Studio Rain System'!J81 -> 0.4 | D69: ='Studio Rain System'!K81 -> 0.44 | E69: ='Studio Rain System'!L81 -> 18.34 | F69: ='Studio Rain System'!M81 -> 0.745 | G69: 125600 | H69: =(G69*D69)/$H$3 -> 78948.571 | I69: =H69/10^6 -> 0.078948571 | J69: =IF( 'Organized Input Output'!$AD$5= "y", $K$4*(D69*1000)/$K$3, 0) -> 2200 | K69: =J69/1000 -> 2.2 | L69: =M69*1000000 -> 4400000 | M69: =IF(A69 < 32, 0, $K$5*K69) -> 4.4 | N69: =$N$3 * 24 -> 1200 | O69: =IF(A69 < 31, 0, (N69 * 3600 / 1000000)) -> 4.32 | P69: =I69 + M69 + O69 -> 8.7989486 | Q69: =IF( 'Organized Input Output'!$AF$9 = "y", P69 / ($Q$3 * $Q$4), 0) -> 0 | R69: =IF(R68+Q69 > 100, 0, R68+Q69 ) -> 0 | S69: =IF( 'Organized Input Output'!$AF$9 = "y", IF(R69= 0, 1, 0), 0) -> 0 | T69: =IF(T68+Q69 > 250, 0, T68+Q69 ) -> 0 | U69: =IF( 'Organized Input Output'!$AF$9 = "y", IF(T69= 0, 1, 0), 0) -> 0 | V69: =W$4*(D69*1000)*(1/$W$3) -> 0 | W69: =V69/1000000 -> 0 | X69: =IF(X68+W69 >= 4.4, 0, X68+W69 ) -> 0 | Y69: =IF( V69 +X69+ W69 = 0, 0, IF(X69= 0, 1, 0)) -> 0
A70: 60 | B70: 2 | C70: ='Studio Rain System'!J82 -> 2 | D70: ='Studio Rain System'!K82 -> 2.2 | E70: ='Studio Rain System'!L82 -> 19.795 | F70: ='Studio Rain System'!M82 -> 0.745 | G70: 125600 | H70: =(G70*D70)/$H$3 -> 394742.86 | I70: =H70/1000000 -> 0.39474286 | J70: =IF( 'Organized Input Output'!$AD$5= "y", $K$4*(D70*1000)/$K$3, 0) -> 11000 | K70: =J70/1000 -> 11 | L70: =M70*1000000 -> 22000000 | M70: =IF(A70 < 32, 0, $K$5*K70) -> 22 | N70: =$N$3 * 24 -> 1200 | O70: =IF(A70 < 31, 0, (N70 * 3600 / 1000000)) -> 4.32 | P70: =I70 + M70 + O70 -> 26.714743 | Q70: =IF( 'Organized Input Output'!$AF$9 = "y", P70 / ($Q$3 * $Q$4), 0) -> 0 | R70: =IF(R69+Q70 > 100, 0, R69+Q70 ) -> 0 | S70: =IF( 'Organized Input Output'!$AF$9 = "y", IF(R70= 0, 1, 0), 0) -> 0 | T70: =IF(T69+Q70 > 250, 0, T69+Q70 ) -> 0 | U70: =IF( 'Organized Input Output'!$AF$9 = "y", IF(T70= 0, 1, 0), 0) -> 0 | V70: =W$4*(D70*1000)*(1/$W$3) -> 0 | W70: =V70/1000000 -> 0 | X70: =IF(X69+W70 >= 4.4, 0, X69+W70 ) -> 0 | Y70: =IF( V70 +X70+ W70 = 0, 0, IF(X70= 0, 1, 0)) -> 0
A71: 61 | B71: 4.4 | C71: ='Studio Rain System'!J83 -> 19 | D71: ='Studio Rain System'!K83 -> 20.9 | E71: ='Studio Rain System'!L83 -> 20 | F71: ='Studio Rain System'!M83 -> 0.745 | G71: 125600 | H71: =(G71*D71)/$H$3 -> 3750057.1 | I71: =H71/10^6 -> 3.7500571 | J71: =IF( 'Organized Input Output'!$AD$5= "y", $K$4*(D71*1000)/$K$3, 0) -> 104500 | K71: =J71/1000 -> 104.5 | L71: =M71*1000000 -> 209000000 | M71: =IF(A71 < 32, 0, $K$5*K71) -> 209 | N71: =$N$3 * 24 -> 1200 | O71: =IF(A71 < 31, 0, (N71 * 3600 / 1000000)) -> 4.32 | P71: =I71 + M71 + O71 -> 217.07006 | Q71: =IF( 'Organized Input Output'!$AF$9 = "y", P71 / ($Q$3 * $Q$4), 0) -> 0 | R71: =IF(R70+Q71 > 100, 0, R70+Q71 ) -> 0 | S71: =IF( 'Organized Input Output'!$AF$9 = "y", IF(R71= 0, 1, 0), 0) -> 0 | T71: =IF(T70+Q71 > 250, 0, T70+Q71 ) -> 0 | U71: =IF( 'Organized Input Output'!$AF$9 = "y", IF(T71= 0, 1, 0), 0) -> 0 | V71: =W$4*(D71*1000)*(1/$W$3) -> 0 | W71: =V71/1000000 -> 0 | X71: =IF(X70+W71 >= 4.4, 0, X70+W71 ) -> 0 | Y71: =IF( V71 +X71+ W71 = 0, 0, IF(X71= 0, 1, 0)) -> 0
A72: 62 | B72: 0 | C72: ='Studio Rain System'!J84 -> 1 | D72: ='Studio Rain System'!K84 -> 1.1 | E72: ='Studio Rain System'!L84 -> 20 | F72: ='Studio Rain System'!M84 -> 0.745 | G72: 125600 | H72: =(G72*D72)/$H$3 -> 197371.43 | I72: =H72/10^6 -> 0.19737143 | J72: =IF( 'Organized Input Output'!$AD$5= "y", $K$4*(D72*1000)/$K$3, 0) -> 5500 | K72: =J72/1000 -> 5.5 | L72: =M72*1000000 -> 11000000 | M72: =IF(A72 < 32, 0, $K$5*K72) -> 11 | N72: =$N$3 * 24 -> 1200 | O72: =IF(A72 < 31, 0, (N72 * 3600 / 1000000)) -> 4.32 | P72: =I72 + M72 + O72 -> 15.517371 | Q72: =IF( 'Organized Input Output'!$AF$9 = "y", P72 / ($Q$3 * $Q$4), 0) -> 0 | R72: =IF(R71+Q72 > 100, 0, R71+Q72 ) -> 0 | S72: =IF( 'Organized Input Output'!$AF$9 = "y", IF(R72= 0, 1, 0), 0) -> 0 | T72: =IF(T71+Q72 > 250, 0, T71+Q72 ) -> 0 | U72: =IF( 'Organized Input Output'!$AF$9 = "y", IF(T72= 0, 1, 0), 0) -> 0 | V72: =W$4*(D72*1000)*(1/$W$3) -> 0 | W72: =V72/1000000 -> 0 | X72: =IF(X71+W72 >= 4.4, 0, X71+W72 ) -> 0 | Y72: =IF( V72 +X72+ W72 = 0, 0, IF(X72= 0, 1, 0)) -> 0
A73: 63 | B73: 0 | C73: ='Studio Rain System'!J85 -> 2.4 | D73: ='Studio Rain System'!K85 -> 2.64 | E73: ='Studio Rain System'!L85 -> 20 | F73: ='Studio Rain System'!M85 -> 0.745 | G73: 125600 | H73: =(G73*D73)/$H$3 -> 473691.43 | I73: =H73/10^6 -> 0.47369143 | J73: =IF( 'Organized Input Output'!$AD$5= "y", $K$4*(D73*1000)/$K$3, 0) -> 13200 | K73: =J73/1000 -> 13.2 | L73: =M73*1000000 -> 26400000 | M73: =IF(A73 < 32, 0, $K$5*K73) -> 26.4 | N73: =$N$3 * 24 -> 1200 | O73: =IF(A73 < 31, 0, (N73 * 3600 / 1000000)) -> 4.32 | P73: =I73 + M73 + O73 -> 31.193691 | Q73: =IF( 'Organized Input Output'!$AF$9 = "y", P73 / ($Q$3 * $Q$4), 0) -> 0 | R73: =IF(R72+Q73 > 100, 0, R72+Q73 ) -> 0 | S73: =IF( 'Organized Input Output'!$AF$9 = "y", IF(R73= 0, 1, 0), 0) -> 0 | T73: =IF(T72+Q73 > 250, 0, T72+Q73 ) -> 0 | U73: =IF( 'Organized Input Output'!$AF$9 = "y", IF(T73= 0, 1, 0), 0) -> 0 | V73: =W$4*(D73*1000)*(1/$W$3) -> 0 | W73: =V73/1000000 -> 0 | X73: =IF(X72+W73 >= 4.4, 0, X72+W73 ) -> 0 | Y73: =IF( V73 +X73+ W73 = 0, 0, IF(X73= 0, 1, 0)) -> 0
A74: 64 | B74: 0 | C74: ='Studio Rain System'!J86 -> 23.8 | D74: ='Studio Rain System'!K86 -> 26.18 | E74: ='Studio Rain System'!L86 -> 20 | F74: ='Studio Rain System'!M86 -> 0.745 | G74: 125600 | H74: =(G74*D74)/$H$3 -> 4697440 | I74: =H74/10^6 -> 4.69744 | J74: =IF( 'Organized Input Output'!$AD$5= "y", $K$4*(D74*1000)/$K$3, 0) -> 130900 | K74: =J74/1000 -> 130.9 | L74: =M74*1000000 -> 2.618e+08 | M74: =IF(A74 < 32, 0, $K$5*K74) -> 261.8 | N74: =$N$3 * 24 -> 1200 | O74: =IF(A74 < 31, 0, (N74 * 3600 / 1000000)) -> 4.32 | P74: =I74 + M74 + O74 -> 270.81744 | Q74: =IF( 'Organized Input Output'!$AF$9 = "y", P74 / ($Q$3 * $Q$4), 0) -> 0 | R74: =IF(R73+Q74 > 100, 0, R73+Q74 ) -> 0 | S74: =IF( 'Organized Input Output'!$AF$9 = "y", IF(R74= 0, 1, 0), 0) -> 0 | T74: =IF(T73+Q74 > 250, 0, T73+Q74 ) -> 0 | U74: =IF( 'Organized Input Output'!$AF$9 = "y", IF(T74= 0, 1, 0), 0) -> 0 | V74: =W$4*(D74*1000)*(1/$W$3) -> 0 | W74: =V74/1000000 -> 0 | X74: =IF(X73+W74 >= 4.4, 0, X73+W74 ) -> 0 | Y74: =IF( V74 +X74+ W74 = 0, 0, IF(X74= 0, 1, 0)) -> 0
A75: 65 | B75: 0 | C75: ='Studio Rain System'!J87 -> 8.6 | D75: ='Studio Rain System'!K87 -> 9.46 | E75: ='Studio Rain System'!L87 -> 20 | F75: ='Studio Rain System'!M87 -> 0.745 | G75: 125600 | H75: =(G75*D75)/$H$3 -> 1697394.3 | I75: =H75/10^6 -> 1.6973943 | J75: =IF( 'Organized Input Output'!$AD$5= "y", $K$4*(D75*1000)/$K$3, 0) -> 47300 | K75: =J75/1000 -> 47.3 | L75: =M75*1000000 -> 94600000 | M75: =IF(A75 < 32, 0, $K$5*K75) -> 94.6 | N75: =$N$3 * 24 -> 1200 | O75: =IF(A75 < 31, 0, (N75 * 3600 / 1000000)) -> 4.32 | P75: =I75 + M75 + O75 -> 100.61739 | Q75: =IF( 'Organized Input Output'!$AF$9 = "y", P75 / ($Q$3 * $Q$4), 0) -> 0 | R75: =IF(R74+Q75 > 100, 0, R74+Q75 ) -> 0 | S75: =IF( 'Organized Input Output'!$AF$9 = "y", IF(R75= 0, 1, 0), 0) -> 0 | T75: =IF(T74+Q75 > 250, 0, T74+Q75 ) -> 0 | U75: =IF( 'Organized Input Output'!$AF$9 = "y", IF(T75= 0, 1, 0), 0) -> 0 | V75: =W$4*(D75*1000)*(1/$W$3) -> 0 | W75: =V75/1000000 -> 0 | X75: =IF(X74+W75 >= 4.4, 0, X74+W75 ) -> 0 | Y75: =IF( V75 +X75+ W75 = 0, 0, IF(X75= 0, 1, 0)) -> 0
A76: 66 | B76: 0 | C76: ='Studio Rain System'!J88 -> 34 | D76: ='Studio Rain System'!K88 -> 37.4 | E76: ='Studio Rain System'!L88 -> 20 | F76: ='Studio Rain System'!M88 -> 0.745 | G76: 125600 | H76: =(G76*D76)/$H$3 -> 6710628.6 | I76: =H76/10^6 -> 6.7106286 | J76: =IF( 'Organized Input Output'!$AD$5= "y", $K$4*(D76*1000)/$K$3, 0) -> 187000 | K76: =J76/1000 -> 187 | L76: =M76*1000000 -> 3.74e+08 | M76: =IF(A76 < 32, 0, $K$5*K76) -> 374 | N76: =$N$3 * 24 -> 1200 | O76: =IF(A76 < 31, 0, (N76 * 3600 / 1000000)) -> 4.32 | P76: =I76 + M76 + O76 -> 385.03063 | Q76: =IF( 'Organized Input Output'!$AF$9 = "y", P76 / ($Q$3 * $Q$4), 0) -> 0 | R76: =IF(R75+Q76 > 100, 0, R75+Q76 ) -> 0 | S76: =IF( 'Organized Input Output'!$AF$9 = "y", IF(R76= 0, 1, 0), 0) -> 0 | T76: =IF(T75+Q76 > 250, 0, T75+Q76 ) -> 0 | U76: =IF( 'Organized Input Output'!$AF$9 = "y", IF(T76= 0, 1, 0), 0) -> 0 | V76: =W$4*(D76*1000)*(1/$W$3) -> 0 | W76: =V76/1000000 -> 0 | X76: =IF(X75+W76 >= 4.4, 0, X75+W76 ) -> 0 | Y76: =IF( V76 +X76+ W76 = 0, 0, IF(X76= 0, 1, 0)) -> 0
A77: 67 | B77: 0 | C77: ='Studio Rain System'!J89 -> 52.4 | D77: ='Studio Rain System'!K89 -> 57.64 | E77: ='Studio Rain System'!L89 -> 20 | F77: ='Studio Rain System'!M89 -> 0.745 | G77: 125600 | H77: =(G77*D77)/$H$3 -> 10342263 | I77: =H77/10^6 -> 10.342263 | J77: =IF( 'Organized Input Output'!$AD$5= "y", $K$4*(D77*1000)/$K$3, 0) -> 288200 | K77: =J77/1000 -> 288.2 | L77: =M77*1000000 -> 5.764e+08 | M77: =IF(A77 < 32, 0, $K$5*K77) -> 576.4 | N77: =$N$3 * 24 -> 1200 | O77: =IF(A77 < 31, 0, (N77 * 3600 / 1000000)) -> 4.32 | P77: =I77 + M77 + O77 -> 591.06226 | Q77: =IF( 'Organized Input Output'!$AF$9 = "y", P77 / ($Q$3 * $Q$4), 0) -> 0 | R77: =IF(R76+Q77 > 100, 0, R76+Q77 ) -> 0 | S77: =IF( 'Organized Input Output'!$AF$9 = "y", IF(R77= 0, 1, 0), 0) -> 0 | T77: =IF(T76+Q77 > 250, 0, T76+Q77 ) -> 0 | U77: =IF( 'Organized Input Output'!$AF$9 = "y", IF(T77= 0, 1, 0), 0) -> 0 | V77: =W$4*(D77*1000)*(1/$W$3) -> 0 | W77: =V77/1000000 -> 0 | X77: =IF(X76+W77 >= 4.4, 0, X76+W77 ) -> 0 | Y77: =IF( V77 +X77+ W77 = 0, 0, IF(X77= 0, 1, 0)) -> 0
A78: 68 | B78: 0.8 | C78: ='Studio Rain System'!J90 -> 10.6 | D78: ='Studio Rain System'!K90 -> 11.66 | E78: ='Studio Rain System'!L90 -> 20 | F78: ='Studio Rain System'!M90 -> 0.745 | G78: 125600 | H78: =(G78*D78)/$H$3 -> 2092137.1 | I78: =H78/10^6 -> 2.0921371 | J78: =IF( 'Organized Input Output'!$AD$5= "y", $K$4*(D78*1000)/$K$3, 0) -> 58300 | K78: =J78/1000 -> 58.3 | L78: =M78*1000000 -> 116600000 | M78: =IF(A78 < 32, 0, $K$5*K78) -> 116.6 | N78: =$N$3 * 24 -> 1200 | O78: =IF(A78 < 31, 0, (N78 * 3600 / 1000000)) -> 4.32 | P78: =I78 + M78 + O78 -> 123.01214 | Q78: =IF( 'Organized Input Output'!$AF$9 = "y", P78 / ($Q$3 * $Q$4), 0) -> 0 | R78: =IF(R77+Q78 > 100, 0, R77+Q78 ) -> 0 | S78: =IF( 'Organized Input Output'!$AF$9 = "y", IF(R78= 0, 1, 0), 0) -> 0 | T78: =IF(T77+Q78 > 250, 0, T77+Q78 ) -> 0 | U78: =IF( 'Organized Input Output'!$AF$9 = "y", IF(T78= 0, 1, 0), 0) -> 0 | V78: =W$4*(D78*1000)*(1/$W$3) -> 0 | W78: =V78/1000000 -> 0 | X78: =IF(X77+W78 >= 4.4, 0, X77+W78 ) -> 0 | Y78: =IF( V78 +X78+ W78 = 0, 0, IF(X78= 0, 1, 0)) -> 0
A79: 69 | B79: 0 | C79: ='Studio Rain System'!J91 -> 2.4 | D79: ='Studio Rain System'!K91 -> 2.64 | E79: ='Studio Rain System'!L91 -> 20 | F79: ='Studio Rain System'!M91 -> 0.745 | G79: 125600 | H79: =(G79*D79)/$H$3 -> 473691.43 | I79: =H79/10^6 -> 0.47369143 | J79: =IF( 'Organized Input Output'!$AD$5= "y", $K$4*(D79*1000)/$K$3, 0) -> 13200 | K79: =J79/1000 -> 13.2 | L79: =M79*1000000 -> 26400000 | M79: =IF(A79 < 32, 0, $K$5*K79) -> 26.4 | N79: =$N$3 * 24 -> 1200 | O79: =IF(A79 < 31, 0, (N79 * 3600 / 1000000)) -> 4.32 | P79: =I79 + M79 + O79 -> 31.193691 | Q79: =IF( 'Organized Input Output'!$AF$9 = "y", P79 / ($Q$3 * $Q$4), 0) -> 0 | R79: =IF(R78+Q79 > 100, 0, R78+Q79 ) -> 0 | S79: =IF( 'Organized Input Output'!$AF$9 = "y", IF(R79= 0, 1, 0), 0) -> 0 | T79: =IF(T78+Q79 > 250, 0, T78+Q79 ) -> 0 | U79: =IF( 'Organized Input Output'!$AF$9 = "y", IF(T79= 0, 1, 0), 0) -> 0 | V79: =W$4*(D79*1000)*(1/$W$3) -> 0 | W79: =V79/1000000 -> 0 | X79: =IF(X78+W79 >= 4.4, 0, X78+W79 ) -> 0 | Y79: =IF( V79 +X79+ W79 = 0, 0, IF(X79= 0, 1, 0)) -> 0
A80: 70 | B80: 4 | C80: ='Studio Rain System'!J92 -> 0 | D80: ='Studio Rain System'!K92 -> 0 | E80: ='Studio Rain System'!L92 -> 19.255 | F80: ='Studio Rain System'!M92 -> 0.745 | G80: 125600 | H80: =(G80*D80)/$H$3 -> 0 | I80: =H80/10^6 -> 0 | J80: =IF( 'Organized Input Output'!$AD$5= "y", $K$4*(D80*1000)/$K$3, 0) -> 0 | K80: =J80/1000 -> 0 | L80: =M80*1000000 -> 0 | M80: =IF(A80 < 32, 0, $K$5*K80) -> 0 | N80: =$N$3 * 24 -> 1200 | O80: =IF(A80 < 31, 0, (N80 * 3600 / 1000000)) -> 4.32 | P80: =I80 + M80 + O80 -> 4.32 | Q80: =IF( 'Organized Input Output'!$AF$9 = "y", P80 / ($Q$3 * $Q$4), 0) -> 0 | R80: =IF(R79+Q80 > 100, 0, R79+Q80 ) -> 0 | S80: =IF( 'Organized Input Output'!$AF$9 = "y", IF(R80= 0, 1, 0), 0) -> 0 | T80: =IF(T79+Q80 > 250, 0, T79+Q80 ) -> 0 | U80: =IF( 'Organized Input Output'!$AF$9 = "y", IF(T80= 0, 1, 0), 0) -> 0 | V80: =W$4*(D80*1000)*(1/$W$3) -> 0 | W80: =V80/1000000 -> 0 | X80: =IF(X79+W80 >= 4.4, 0, X79+W80 ) -> 0 | Y80: =IF( V80 +X80+ W80 = 0, 0, IF(X80= 0, 1, 0)) -> 0
A81: 71 | B81: 22.8 | C81: ='Studio Rain System'!J93 -> 2.8 | D81: ='Studio Rain System'!K93 -> 3.08 | E81: ='Studio Rain System'!L93 -> 20 | F81: ='Studio Rain System'!M93 -> 0.745 | G81: 125600 | H81: =(G81*D81)/$H$3 -> 552640 | I81: =H81/10^6 -> 0.55264 | J81: =IF( 'Organized Input Output'!$AD$5= "y", $K$4*(D81*1000)/$K$3, 0) -> 15400 | K81: =J81/1000 -> 15.4 | L81: =M81*1000000 -> 30800000 | M81: =IF(A81 < 32, 0, $K$5*K81) -> 30.8 | N81: =$N$3 * 24 -> 1200 | O81: =IF(A81 < 31, 0, (N81 * 3600 / 1000000)) -> 4.32 | P81: =I81 + M81 + O81 -> 35.67264 | Q81: =IF( 'Organized Input Output'!$AF$9 = "y", P81 / ($Q$3 * $Q$4), 0) -> 0 | R81: =IF(R80+Q81 > 100, 0, R80+Q81 ) -> 0 | S81: =IF( 'Organized Input Output'!$AF$9 = "y", IF(R81= 0, 1, 0), 0) -> 0 | T81: =IF(T80+Q81 > 250, 0, T80+Q81 ) -> 0 | U81: =IF( 'Organized Input Output'!$AF$9 = "y", IF(T81= 0, 1, 0), 0) -> 0 | V81: =W$4*(D81*1000)*(1/$W$3) -> 0 | W81: =V81/1000000 -> 0 | X81: =IF(X80+W81 >= 4.4, 0, X80+W81 ) -> 0 | Y81: =IF( V81 +X81+ W81 = 0, 0, IF(X81= 0, 1, 0)) -> 0
A82: 72 | B82: 25.2 | C82: ='Studio Rain System'!J94 -> 20.2 | D82: ='Studio Rain System'!K94 -> 22.22 | E82: ='Studio Rain System'!L94 -> 20 | F82: ='Studio Rain System'!M94 -> 0.745 | G82: 125600 | H82: =(G82*D82)/$H$3 -> 3986902.9 | I82: =H82/10^6 -> 3.9869029 | J82: =IF( 'Organized Input Output'!$AD$5= "y", $K$4*(D82*1000)/$K$3, 0) -> 111100 | K82: =J82/1000 -> 111.1 | L82: =M82*1000000 -> 222200000 | M82: =IF(A82 < 32, 0, $K$5*K82) -> 222.2 | N82: =$N$3 * 24 -> 1200 | O82: =IF(A82 < 31, 0, (N82 * 3600 / 1000000)) -> 4.32 | P82: =I82 + M82 + O82 -> 230.5069 | Q82: =IF( 'Organized Input Output'!$AF$9 = "y", P82 / ($Q$3 * $Q$4), 0) -> 0 | R82: =IF(R81+Q82 > 100, 0, R81+Q82 ) -> 0 | S82: =IF( 'Organized Input Output'!$AF$9 = "y", IF(R82= 0, 1, 0), 0) -> 0 | T82: =IF(T81+Q82 > 250, 0, T81+Q82 ) -> 0 | U82: =IF( 'Organized Input Output'!$AF$9 = "y", IF(T82= 0, 1, 0), 0) -> 0 | V82: =W$4*(D82*1000)*(1/$W$3) -> 0 | W82: =V82/1000000 -> 0 | X82: =IF(X81+W82 >= 4.4, 0, X81+W82 ) -> 0 | Y82: =IF( V82 +X82+ W82 = 0, 0, IF(X82= 0, 1, 0)) -> 0
... A375: 365 | B375: 0.2 | C375: ='Studio Rain System'!J387 -> 0 | D375: ='Studio Rain System'!K387 -> 0 | E375: ='Studio Rain System'!L387 -> 17.02 | F375: ='Studio Rain System'!M387 -> 0.745 | G375: 125600 | H375: =(G375*D375)/$H$3 -> 0 | I375: =H375/10^6 -> 0 | J375: =IF( 'Organized Input Output'!$AD$5= "y", $K$4*(D375*1000)/$K$3, 0) -> 0 | K375: =J375/1000 -> 0 | L375: =M375*1000000 -> 0 | M375: =IF(A375 < 32, 0, $K$5*K375) -> 0 | N375: =$N$3 * 24 -> 1200 | O375: =IF(A375 < 31, 0, (N375 * 3600 / 1000000)) -> 4.32 | P375: =I375 + M375 + O375 -> 4.32 | Q375: =IF( 'Organized Input Output'!$AF$9 = "y", P375 / ($Q$3 * $Q$4), 0) -> 0 | R375: =IF(R374+Q375 > 100, 0, R374+Q375 ) -> 0 | S375: =IF( 'Organized Input Output'!$AF$9 = "y", IF(R375= 0, 1, 0), 0) -> 0 | T375: =IF(T374+Q375 > 250, 0, T374+Q375 ) -> 0 | U375: =IF( 'Organized Input Output'!$AF$9 = "y", IF(T375= 0, 1, 0), 0) -> 0 | V375: =W$4*(D375*1000)*(1/$W$3) -> 0 | W375: =V375/1000000 -> 0 | X375: =IF(X374+W375 >= 4.4, 0, X374+W375 ) -> 0 | Y375: =IF( V375 +X375+ W375 = 0, 0, IF(X375= 0, 1, 0)) -> 0

Sheet Health & Environment
B1: RWH Input-Output Data
B2: Team J-9
C3: E_min | D3: 1
C4: E_max | D4: 24
B6: Health Risk Exposure | D6: Severity | I6: Environmental Risk Exposure | K6: Severity
D7: Irritation or Inconvenience (1) | E7: Minor Injury - No medical attention (2) | F7: Serious Injury - Medical Attention (3) | G7: Permanent Injury or Death (4) | K7: Begin Contamination (1) | L7: Trace Contamination (2) | M7: Long-term Environmental Damage (3) | N7: Widespread Irreversible Damage (4)
B8: Likelihood | C8: Daily Risk Exposure (4) | D8: 4 | E8: 8 | F8: 12 | G8: 16 | I8: Likelihood | J8: Daily Risk Exposure (4) | K8: 4 | L8: 8 | M8: 12 | N8: 16 | AG8: days exposed | AH8: Severity | AI8: Likelihood | AK8: Health Risk Exposure
C9: Weekly Risk Exposure (3) | D9: 3 | E9: 6 | F9: 9 | G9: 12 | J9: Weekly Risk Exposure (3) | K9: 3 | L9: 6 | M9: 9 | N9: 12 | AF9: Diesel | AG9: ='Ozone-Energy'!U4-'Ozone-Energy'!U6 -> 0 | AH9: 2 | AI9: =IF(AG9= 0, 0, 4-(0.5)*LN(AG9)) -> 0 | AK9: =AH9*AI9+AH10*AI10 -> 0
C10: Monthly Risk Exposure (2) | D10: 2 | E10: 4 | F10: 6 | G10: 8 | J10: Monthly Risk Exposure (2) | K10: 2 | L10: 4 | M10: 6 | N10: 8 | AF10: Chlorine | AG10: ='Ozone-Energy'!Z5 -> 0 | AH10: 4 | AI10: =IF(AG10= 0, 0, 4-(0.5)*LN(AG10)) -> 0 | AM10: Total Risk Exposure
C11: Annual Risk Exposure (1) | D11: 1 | E11: 2 | F11: 3 | G11: 4 | J11: Annual Risk Exposure (1) | K11: 1 | L11: 2 | M11: 3 | N11: 4 | AM11: =AK9+AK18 -> 0
D14: Health Risk Exposure | K14: Environmental Risk Exposure
D15: Days | E15: Severity | F15: Likelihood | G15: Risk Exposure | K15: Days | L15: Severity | M15: Likelihood | N15: Risk Exposure
D16: 1 | E16: =4-(LN($D16)/2) -> 4 | F16: 1 | G16: =$E16*$F16 -> 4 | K16: 1 | L16: =4-(LN($D16)/2) -> 4 | M16: 1 | N16: =$E16*$F16 -> 4
D17: =D16+1 -> 2 | E17: =4-(LN($D17)/2) -> 3.6534264 | G17: =$E17*$F17 -> 0 | K17: =K16+1 -> 2 | L17: =4-(LN($D17)/2) -> 3.6534264 | N17: =$E17*$F17 -> 0 | AG17: days exposed | AH17: Severity | AI17: Likelihood | AK17: Enviromental Risk Exposure
D18: =D17+1 -> 3 | E18: =4-(LN($D18)/2) -> 3.4506939 | G18: =$E18*$F18 -> 0 | K18: =K17+1 -> 3 | L18: =4-(LN($D18)/2) -> 3.4506939 | N18: =$E18*$F18 -> 0 | AF18: Diesel | AG18: =AG9 -> 0 | AH18: 3 | AI18: =IF(AG18= 0, 0, 4-(0.5)*LN(AG18)) -> 0 | AK18: =AH18*AI18+AH19*AI19 -> 0
D19: =D18+1 -> 4 | E19: =4-(LN($D19)/2) -> 3.3068528 | G19: =$E19*$F19 -> 0 | K19: =K18+1 -> 4 | L19: =4-(LN($D19)/2) -> 3.3068528 | N19: =$E19*$F19 -> 0 | AF19: Chlorine | AG19: =AG10 -> 0 | AH19: 3 | AI19: =IF(AG19= 0, 0, 4-(0.5)*LN(AG19)) -> 0
D20: =D19+1 -> 5 | E20: =4-(LN($D20)/2) -> 3.195281 | G20: =$E20*$F20 -> 0 | K20: =K19+1 -> 5 | L20: =4-(LN($D20)/2) -> 3.195281 | N20: =$E20*$F20 -> 0
D21: =D20+1 -> 6 | E21: =4-(LN($D21)/2) -> 3.1041203 | G21: =$E21*$F21 -> 0 | K21: =K20+1 -> 6 | L21: =4-(LN($D21)/2) -> 3.1041203 | N21: =$E21*$F21 -> 0
D22: =D21+1 -> 7 | E22: =4-(LN($D22)/2) -> 3.0270449 | G22: =$E22*$F22 -> 0 | K22: =K21+1 -> 7 | L22: =4-(LN($D22)/2) -> 3.0270449 | N22: =$E22*$F22 -> 0
D23: =D22+1 -> 8 | E23: =4-(LN($D23)/2) -> 2.9602792 | G23: =$E23*$F23 -> 0 | K23: =K22+1 -> 8 | L23: =4-(LN($D23)/2) -> 2.9602792 | N23: =$E23*$F23 -> 0
D24: =D23+1 -> 9 | E24: =4-(LN($D24)/2) -> 2.9013877 | G24: =$E24*$F24 -> 0 | K24: =K23+1 -> 9 | L24: =4-(LN($D24)/2) -> 2.9013877 | N24: =$E24*$F24 -> 0
D25: =D24+1 -> 10 | E25: =4-(LN($D25)/2) -> 2.8487075 | G25: =$E25*$F25 -> 0 | K25: =K24+1 -> 10 | L25: =4-(LN($D25)/2) -> 2.8487075 | N25: =$E25*$F25 -> 0
D26: =D25+1 -> 11 | E26: =4-(LN($D26)/2) -> 2.8010524 | G26: =$E26*$F26 -> 0 | K26: =K25+1 -> 11 | L26: =4-(LN($D26)/2) -> 2.8010524 | N26: =$E26*$F26 -> 0
D27: =D26+1 -> 12 | E27: =4-(LN($D27)/2) -> 2.7575467 | G27: =$E27*$F27 -> 0 | K27: =K26+1 -> 12 | L27: =4-(LN($D27)/2) -> 2.7575467 | N27: =$E27*$F27 -> 0
D28: =D27+1 -> 13 | E28: =4-(LN($D28)/2) -> 2.7175253 | G28: =$E28*$F28 -> 0 | K28: =K27+1 -> 13 | L28: =4-(LN($D28)/2) -> 2.7175253 | N28: =$E28*$F28 -> 0
D29: =D28+1 -> 14 | E29: =4-(LN($D29)/2) -> 2.6804713 | G29: =$E29*$F29 -> 0 | K29: =K28+1 -> 14 | L29: =4-(LN($D29)/2) -> 2.6804713 | N29: =$E29*$F29 -> 0
D30: =D29+1 -> 15 | E30: =4-(LN($D30)/2) -> 2.6459749 | G30: =$E30*$F30 -> 0 | K30: =K29+1 -> 15 | L30: =4-(LN($D30)/2) -> 2.6459749 | N30: =$E30*$F30 -> 0
D31: =D30+1 -> 16 | E31: =4-(LN($D31)/2) -> 2.6137056 | G31: =$E31*$F31 -> 0 | K31: =K30+1 -> 16 | L31: =4-(LN($D31)/2) -> 2.6137056 | N31: =$E31*$F31 -> 0
... D75: =D74+1 -> 60 | E75: =4-(LN($D75)/2) -> 1.9528277 | G75: =$E75*$F75 -> 0 | K75: =K74+1 -> 60 | L75: =4-(LN($D75)/2) -> 1.9528277 | N75: =$E75*$F75 -> 0

Sheet Week 11 Prototyping
B8: # | C8: Initial Water Level [m] * | D8: Height exit nozzle [m] * | E8: Height difference (h) [m] | F8: Pressure (ρgh) | G8: Collected Volume [mL] * | H8: Time | I8: Flow Rate | J8: Velocity | K8: Efficiency
F9: [Pa] | H9: [s] * | I9: [LPM] | J9: [m/s] | K9: [-]
B10: 0 | C10: 0 | D10: 0 | E10: 0 | F10: 0 | G10: 0 | H10: 0 | I10: 0 | J10: 0
B11: 1 | C11: 0 | D11: 1.3 | E11: =C11-D11 -> -1.3 | F11: =(1000)*9.81*E11 -> -12753 | G11: 400 | H11: 28.23 | I11: =(G11 * 60/1000)/H11 -> 0.8501594 | J11: =4 * (I11/60000) / (PI() * (0.01^2)) -> 0.18040943 | K11: =F11 * (I11/1000/60) / 2.19 -> -0.082512046
B12: 2 | C12: 0 | D12: 1.1 | E12: =C12-D12 -> -1.1 | F12: =(1000)*9.81*E12 -> -10791 | G12: 400 | H12: 30.64 | I12: =(G12 * 60/1000)/H12 -> 0.78328982 | J12: =4 * (I12/60000) / (PI() * (0.01^2)) -> 0.16621926 | K12: =F12 * (I12/1000/60) / 2.19 -> -0.064326335
B13: 3 | C13: 0 | D13: 0.91 | E13: =C13-D13 -> -0.91 | F13: =(1000)*9.81*E13 -> -8927.1 | G13: 400 | H13: 34.23 | I13: =(G13 * 60/1000)/H13 -> 0.70113935 | J13: =4 * (I13/60000) / (PI() * (0.01^2)) -> 0.14878639 | K13: =F13 * (I13/1000/60) / 2.19 -> -0.047634255
B14: 4 | C14: 0 | D14: 0.7 | E14: =C14-D14 -> -0.7 | F14: =(1000)*9.81*E14 -> -6867 | G14: 400 | H14: 40.27 | I14: =(G14 * 60/1000)/H14 -> 0.59597715 | J14: =4 * (I14/60000) / (PI() * (0.01^2)) -> 0.12647028 | K14: =F14 * (I14/1000/60) / 2.19 -> -0.031145929
B15: 5 | C15: 0 | D15: 0.499 | E15: =C15-D15 -> -0.499 | F15: =(1000)*9.81*E15 -> -4895.19 | G15: 400 | H15: 48.22 | I15: =(G15 * 60/1000)/H15 -> 0.49771879 | J15: =4 * (I15/60000) / (PI() * (0.01^2)) -> 0.10561921 | K15: =F15 * (I15/1000/60) / 2.19 -> -0.01854207
B16: 6 | C16: 0 | D16: 0.03 | E16: =C16-D16 -> -0.03 | F16: =(1000)*9.81*E16 -> -294.3 | G16: 193 | H16: 9.83 | I16: =E16*H16/1000 -> -0.0002949 | J16: =(4/(PI()*(0.01)^2))*I16 -> -3.7547834 | K16: =F16*G16/1000 -> -56.7999 | L16: =K16/H16 -> -5.7782197 | M16: =L16/2.19 -> -2.6384565
B17: 7 | C17: 0 | E17: =C17-D17 -> 0 | F17: =(1000)*9.81*E17 -> 0 | I17: =E17*H17/1000 -> 0 | J17: =(4/(PI()*(0.01)^2))*I17 -> 0
B18: 8 | C18: 0 | E18: =C18-D18 -> 0 | F18: =(1000)*9.81*E18 -> 0 | I18: =E18*H18/1000 -> 0 | J18: =(4/(PI()*(0.01)^2))*I18 -> 0
N37: 0.1 | O37: 1800
N38: 0.18 | O38: 4800
N39: 0.27 | O39: 7300
N40: 0.32 | O40: 11800
N41: 0.35 | O41: 13900

Sheet CODE
A1: Code Blocks | C1: DO NOT DELETE
A2: Stakeholder Satisfaction
A3: =IF( $B$9<=$B$10,0,IF( $B$10<=$B$9,0.5*( 1-COS( ( ($B$9-$B$10) / ($B$11-$B$10))*PI()) ),1 ) ) -> 0
A4: V_water [m^3]
A5: =IF(MAX(0,MIN($B$6,L19 + K20 - $D$9))>$B$6, $B$6, MAX(0,MIN($B$6,L19 + K20 - $D$9))) -> 0
A6: V_water [m^3]
A7: =IF(ISNUMBER(MATCH($M$5, I21:I385, 0)), 0, MAX(0, (K21 - L21))) -> 0
A8: Q_in [m^3/day]
A9: =(J21/1000)*$B$5 -> 0
A10: C_min | B10: 136 | C10: L/day | D10: =B10/1000 -> 0.136 | E10: m^3/day
A11: C_max | B11: 601 | C11: L/day | D11: =B11/1000 -> 0.601 | E11: m^3/day
A16: =IF($B$21=1,-0.0172,IF($B$21=2,-0.0039,IF($B$21=3,-0.0151,0))) -> 0 | B16: =IF($B$21=1,-0.3605,IF($B$21=2,-0.096,IF($B$21=3,-0.5516,0))) -> 0 | C16: =IF($B$21=1,150.9,IF($B$21=2,237.86,IF($B$21=3,356.8,0))) -> 0 | D16: =IF($B$21=1,0.7,IF($B$21=2,0.094,IF($B$21=3,0.72,0))) -> 0 | E16: =IF($B$21=1,0.39,IF($B$21=2,0.85,IF($B$21=3,0.55,0))) -> 0
